idResultado,idCarrera,idConductor,idConstructor,posInicial,posFinal,milisegundos,estado
23782,989,20,6,3,1,5373283,Completada
23783,989,1,131,1,2,5378319,Completada
23784,989,8,6,2,3,5379592,Completada
23785,989,817,9,8,4,5380352,Completada
23786,989,4,1,10,5,5401169,Completada
23787,989,830,9,4,6,5402228,Completada
23788,989,807,4,7,7,5405954,Completada
23789,989,822,131,15,8,5407622,Completada
23790,989,838,1,11,9,5408204,Completada
23791,989,832,4,9,10,5419005,Completada
23792,989,815,10,12,11,5420100,Completada
23793,989,839,10,14,12,5433561,Completada
23794,989,844,15,18,13,5449042,Completada
23795,989,840,3,13,14,5451571,Completada
23796,989,843,5,16,15,NA,Otro
23797,989,154,210,6,16,NA,Otro
23798,989,825,210,5,17,NA,Otro
23799,989,842,5,20,18,NA,Otro
23800,989,828,15,17,19,NA,Otro
23801,989,845,3,19,20,NA,Otro
23802,990,20,6,1,1,5521940,Completada
23803,990,822,131,3,2,5522639,Completada
23804,990,1,131,9,3,5528452,Completada
23805,990,842,5,5,4,5584174,Completada
23806,990,825,210,6,5,5596986,Completada
23807,990,807,4,7,6,5620964,Completada
23808,990,4,1,13,7,NA,Otro
23809,990,838,1,14,8,NA,Otro
23810,990,828,15,17,9,NA,Otro
23811,990,839,10,8,10,NA,Otro
23812,990,832,4,10,11,NA,Otro
23813,990,844,15,19,12,NA,Otro
23814,990,154,210,16,13,NA,Otro
23815,990,840,3,20,14,NA,Otro
23816,990,845,3,18,15,NA,Otro
23817,990,815,10,12,16,NA,Otro
23818,990,843,5,11,17,NA,Otro
23819,990,8,6,2,18,NA,Otro
23820,990,830,9,15,19,NA,Otro
23821,990,817,9,4,20,NA,Otro
23822,991,817,9,6,1,5736380,Completada
23823,991,822,131,3,2,5745274,Completada
23824,991,8,6,2,3,5746017,Completada
23825,991,1,131,4,4,5753365,Completada
23826,991,830,9,5,5,5756816,Completada
23827,991,807,4,7,6,5757432,Completada
23828,991,4,1,13,7,5767019,Completada
23829,991,20,6,1,8,5771666,Completada
23830,991,832,4,9,9,5772143,Completada
23831,991,825,210,11,10,5775974,Completada
23832,991,839,10,12,11,5780430,Completada
23833,991,815,10,8,12,5781105,Completada
23834,991,838,1,14,13,5785753,Completada
23835,991,840,3,18,14,5791870,Completada
23836,991,845,3,16,15,5794621,Completada
23837,991,828,15,20,16,5798984,Completada
23838,991,154,210,10,17,5801676,Completada
23839,991,842,5,17,18,5802710,Completada
23840,991,844,15,19,19,5818955,Completada
23841,991,843,5,15,20,NA,Otro
23842,992,1,131,2,1,6224291,Completada
23843,992,8,6,6,2,6226751,Completada
23844,992,815,10,8,3,6228315,Completada
23845,992,20,6,1,4,6229620,Completada
23846,992,832,4,9,5,6231806,Completada
23847,992,844,15,13,6,6233449,Completada
23848,992,4,1,12,7,6235222,Completada
23849,992,840,3,10,8,6236837,Completada
23850,992,838,1,16,9,6238443,Completada
23851,992,843,5,19,10,6242321,Completada
23852,992,828,15,18,11,6242803,Completada
23853,992,842,5,17,12,6249011,Completada
23854,992,825,210,15,13,6264954,Completada
23855,992,822,131,3,14,NA,Otro
23856,992,154,210,20,15,NA,Accidente
23857,992,830,9,5,16,NA,Accidente
23858,992,817,9,4,17,NA,Accidente
23859,992,807,4,14,18,NA,Accidente
23860,992,839,10,7,19,NA,Accidente
23861,992,845,3,11,20,NA,Accidente
23862,993,1,131,1,1,5729972,Completada
23863,993,822,131,2,2,5750565,Completada
23864,993,830,9,5,3,5756845,Completada
23865,993,20,6,3,4,5757556,Completada
23866,993,817,9,6,5,5780030,Completada
23867,993,825,210,7,6,NA,Otro
23868,993,832,4,9,7,NA,Otro
23869,993,4,1,8,8,NA,Otro
23870,993,815,10,15,9,NA,Otro
23871,993,844,15,14,10,NA,Otro
23872,993,840,3,18,11,NA,Otro
23873,993,843,5,20,12,NA,Otro
23874,993,828,15,17,13,NA,Otro
23875,993,845,3,19,14,NA,Otro
23876,993,838,1,11,15,NA,Otro
23877,993,839,10,13,16,NA,Otro
23878,993,8,6,4,17,NA,Otro
23879,993,154,210,10,18,NA,Accidente
23880,993,842,5,12,19,NA,Accidente
23881,993,807,4,16,20,NA,Accidente
23882,994,817,9,1,1,6174807,Completada
23883,994,20,6,2,2,6182143,Completada
23884,994,1,131,3,3,6191820,Completada
23885,994,8,6,4,4,6192934,Completada
23886,994,822,131,5,5,6193629,Completada
23887,994,839,10,6,6,6198474,Completada
23888,994,842,5,10,7,6199138,Completada
23889,994,807,4,11,8,6199646,Completada
23890,994,830,9,20,9,6200124,Completada
23891,994,832,4,8,10,6243820,Completada
23892,994,828,15,16,11,6244671,Completada
23893,994,815,10,9,12,6245268,Completada
23894,994,825,210,19,13,6249630,Completada
23895,994,838,1,12,14,NA,Otro
23896,994,154,210,18,15,NA,Otro
23897,994,845,3,13,16,NA,Otro
23898,994,840,3,17,17,NA,Otro
23899,994,844,15,14,18,NA,Accidente
23900,994,843,5,15,19,NA,Accidente
23901,994,4,1,7,20,NA,Otro
23902,995,20,6,1,1,5311377,Completada
23903,995,822,131,2,2,5318753,Completada
23904,995,830,9,3,3,5319737,Completada
23905,995,817,9,6,4,5332269,Completada
23906,995,1,131,4,5,5332936,Completada
23907,995,8,6,5,6,5338561,Completada
23908,995,807,4,7,7,NA,Otro
23909,995,832,4,9,8,NA,Otro
23910,995,839,10,8,9,NA,Otro
23911,995,844,15,13,10,NA,Otro
23912,995,842,5,16,11,NA,Otro
23913,995,154,210,20,12,NA,Otro
23914,995,825,210,11,13,NA,Otro
23915,995,815,10,10,14,NA,Otro
23916,995,828,15,19,15,NA,Otro
23917,995,838,1,15,16,NA,Otro
23918,995,845,3,18,17,NA,Otro
23919,995,4,1,14,18,NA,Otro
23920,995,843,5,12,19,NA,Accidente
23921,995,840,3,17,20,NA,Accidente
23922,996,1,131,1,1,5411385,Completada
23923,996,830,9,4,2,5418475,Completada
23924,996,8,6,6,3,5437273,Completada
23925,996,817,9,5,4,5446121,Completada
23926,996,20,6,3,5,5473320,Completada
23927,996,825,210,9,6,5490749,Completada
23928,996,822,131,2,7,5492017,Completada
23929,996,832,4,7,8,5498569,Completada
23930,996,807,4,12,9,5503374,Completada
23931,996,844,15,8,10,5505258,Completada
23932,996,154,210,10,11,NA,Otro
23933,996,838,1,17,12,NA,Otro
23934,996,828,15,15,13,NA,Otro
23935,996,843,5,20,14,NA,Otro
23936,996,845,3,18,15,NA,Otro
23937,996,4,1,16,16,NA,Otro
23938,996,840,3,19,17,NA,Otro
23939,996,815,10,13,18,NA,Otro
23940,996,839,10,11,19,NA,Accidente
23941,996,842,5,14,20,NA,Accidente
23942,997,830,9,4,1,4916024,Completada
23943,997,8,6,3,2,4917528,Completada
23944,997,20,6,6,3,4919205,Completada
23945,997,154,210,5,4,NA,Otro
23946,997,825,210,8,5,NA,Otro
23947,997,839,10,11,6,NA,Otro
23948,997,815,10,16,7,NA,Otro
23949,997,4,1,13,8,NA,Otro
23950,997,844,15,18,9,NA,Otro
23951,997,828,15,20,10,NA,Otro
23952,997,842,5,12,11,NA,Otro
23953,997,832,4,9,12,NA,Otro
23954,997,845,3,17,13,NA,Otro
23955,997,840,3,14,14,NA,Otro
23956,997,838,1,15,15,NA,Otro
23957,997,1,131,2,16,NA,Otro
23958,997,843,5,19,17,NA,Otro
23959,997,817,9,7,18,NA,Otro
23960,997,822,131,1,19,NA,Otro
23961,997,807,4,10,20,NA,Otro
23962,998,20,6,2,1,5249784,Completada
23963,998,1,131,1,2,5252048,Completada
23964,998,8,6,3,3,5253436,Completada
23965,998,822,131,4,4,5258667,Completada
23966,998,817,9,6,5,5259284,Completada
23967,998,807,4,11,6,5278004,Completada
23968,998,839,10,10,7,5279714,Completada
23969,998,4,1,13,8,5280899,Completada
23970,998,825,210,7,9,5282972,Completada
23971,998,815,10,12,10,5284492,Completada
23972,998,838,1,17,11,5285558,Completada
23973,998,840,3,19,12,5287890,Completada
23974,998,842,5,14,13,5288913,Completada
23975,998,845,3,18,14,5297897,Completada
23982,998,843,5,NA,20,NA,Otro
23977,998,830,9,5,15,NA,Otro
23978,998,154,210,8,16,NA,Accidente
23979,998,832,4,16,17,NA,Accidente
23980,998,828,15,15,18,NA,Accidente
23981,998,844,15,9,19,NA,Otro
23983,999,1,131,14,1,5549845,Completada
23984,999,822,131,2,2,5554380,Completada
23985,999,8,6,3,3,5556577,Completada
23986,999,830,9,4,4,5557499,Completada
23987,999,807,4,7,5,5576454,Completada
23988,999,154,210,6,6,5578716,Completada
23989,999,815,10,10,7,5580401,Completada
23990,999,839,10,15,8,5581595,Completada
23991,999,828,15,13,9,5582207,Completada
23992,999,843,5,17,10,5584042,Completada
23993,999,825,210,5,11,5584764,Completada
23994,999,832,4,8,12,5592914,Completada
23995,999,838,1,19,13,5596462,Completada
23996,999,842,5,16,14,NA,Otro
23997,999,844,15,9,15,NA,Otro
23998,999,4,1,11,16,NA,Otro
23999,999,840,3,18,17,NA,Otro
24000,999,20,6,1,18,NA,Accidente
24001,999,845,3,12,19,NA,Otro
24002,999,817,9,20,20,NA,Otro
24003,1000,1,131,1,1,5836427,Completada
24004,1000,20,6,4,2,5853550,Completada
24005,1000,8,6,3,3,5856528,Completada
24006,1000,817,9,12,4,5882846,Completada
24007,1000,822,131,2,5,5886427,Completada
24008,1000,842,5,6,6,5909700,Completada
24009,1000,825,210,9,7,NA,Otro
24010,1000,4,1,11,8,NA,Otro
24011,1000,832,4,5,9,NA,Otro
24012,1000,154,210,10,10,NA,Otro
24013,1000,843,5,8,11,NA,Otro
24014,1000,807,4,13,12,NA,Otro
24015,1000,839,10,18,13,NA,Otro
24016,1000,815,10,19,14,NA,Otro
24017,1000,828,15,14,15,NA,Otro
24018,1000,845,3,20,16,NA,Otro
24019,1000,840,3,15,17,NA,Otro
24020,1000,838,1,16,18,NA,Otro
24021,1000,830,9,7,19,NA,Otro
24022,1000,844,15,17,20,NA,Otro
24023,1001,20,6,2,1,5014476,Completada
24024,1001,1,131,1,2,5025537,Completada
24025,1001,830,9,7,3,5045848,Completada
24026,1001,822,131,19,4,5078081,Completada
24027,1001,815,10,4,5,5085499,Completada
24028,1001,839,10,3,6,5093996,Completada
24029,1001,154,210,5,7,5100429,Completada
24030,1001,825,210,9,8,5102115,Completada
24031,1001,842,5,10,9,5120368,Completada
24032,1001,828,15,13,10,NA,Otro
24033,1001,832,4,14,11,NA,Otro
24034,1001,845,3,16,12,NA,Otro
24035,1001,840,3,17,13,NA,Otro
24036,1001,843,5,11,14,NA,Otro
24037,1001,838,1,18,15,NA,Otro
24038,1001,817,9,8,16,NA,Otro
24039,1001,8,6,6,17,NA,Otro
24040,1001,844,15,12,18,NA,Accidente
24041,1001,4,1,15,19,NA,Accidente
24042,1001,807,4,20,20,NA,Accidente
24043,1002,1,131,3,1,4614484,Completada
24044,1002,8,6,1,2,4623189,Completada
24045,1002,822,131,4,3,4628550,Completada
24046,1002,20,6,2,4,4630635,Completada
24047,1002,830,9,5,5,4632692,Completada
24048,1002,839,10,8,6,4672245,Completada
24049,1002,815,10,14,7,4673162,Completada
24050,1002,832,4,7,8,4692624,Completada
24051,1002,840,3,10,9,NA,Otro
24052,1002,845,3,12,10,NA,Otro
24053,1002,844,15,15,11,NA,Otro
24054,1002,838,1,17,12,NA,Otro
24055,1002,807,4,20,13,NA,Otro
24056,1002,842,5,9,14,NA,Otro
24057,1002,828,15,18,15,NA,Otro
24058,1002,825,210,11,16,NA,Otro
24059,1002,817,9,19,17,NA,Otro
24060,1002,4,1,13,18,NA,Otro
24061,1002,843,5,16,19,NA,Otro
24062,1002,154,210,6,20,4670804,Descalificado
24063,1003,1,131,1,1,6671611,Completada
24064,1003,830,9,2,2,6680572,Completada
24065,1003,20,6,3,3,6711595,Completada
24066,1003,822,131,4,4,6723541,Completada
24067,1003,8,6,5,5,6724612,Completada
24068,1003,817,9,6,6,6725593,Completada
24069,1003,4,1,11,7,6774612,Completada
24070,1003,832,4,12,8,NA,Otro
24071,1003,844,15,13,9,NA,Otro
24072,1003,807,4,10,10,NA,Otro
24073,1003,828,15,14,11,NA,Otro
24074,1003,838,1,18,12,NA,Otro
24075,1003,842,5,15,13,NA,Otro
24076,1003,840,3,20,14,NA,Otro
24077,1003,154,210,8,15,NA,Otro
24078,1003,815,10,7,16,NA,Otro
24079,1003,843,5,17,17,NA,Otro
24080,1003,825,210,16,18,NA,Otro
24081,1003,845,3,19,19,NA,Otro
24082,1003,839,10,9,20,NA,Accidente
24083,1004,1,131,2,1,5245181,Completada
24084,1004,822,131,1,2,5247726,Completada
24085,1004,20,6,3,3,5252668,Completada
24086,1004,8,6,4,4,5261724,Completada
24087,1004,830,9,19,5,5276197,Completada
24088,1004,817,9,18,6,5325632,Completada
24089,1004,844,15,7,7,5343571,Completada
24090,1004,825,210,5,8,NA,Otro
24091,1004,839,10,6,9,NA,Otro
24092,1004,815,10,8,10,NA,Otro
24093,1004,154,210,9,11,NA,Otro
24094,1004,807,4,12,12,NA,Otro
24095,1004,828,15,10,13,NA,Otro
24096,1004,4,1,16,14,NA,Otro
24097,1004,840,3,14,15,NA,Otro
24098,1004,838,1,15,16,NA,Otro
24099,1004,832,4,11,17,NA,Otro
24100,1004,845,3,13,18,NA,Otro
24101,1004,842,5,17,19,NA,Otro
24102,1004,843,5,20,20,NA,Otro
24103,1005,1,131,1,1,5237062,Completada
24104,1005,822,131,2,2,5249981,Completada
24105,1005,830,9,3,3,5251357,Completada
24106,1005,817,9,15,4,5256557,Completada
24107,1005,8,6,4,5,5288060,Completada
24108,1005,20,6,8,6,5306935,Completada
24109,1005,815,10,9,7,5316441,Completada
24110,1005,154,210,5,8,5324260,Completada
24111,1005,839,10,11,9,5325117,Completada
24112,1005,832,4,13,10,NA,Otro
24113,1005,842,5,7,11,NA,Otro
24114,1005,828,15,20,12,NA,Otro
24115,1005,843,5,6,13,NA,Otro
24116,1005,4,1,18,14,NA,Otro
24117,1005,838,1,19,15,NA,Otro
24118,1005,845,3,17,16,NA,Otro
24119,1005,840,3,14,17,NA,Otro
24120,1005,844,15,10,18,NA,Otro
24121,1005,807,4,16,19,NA,Otro
24122,1005,825,210,12,20,NA,Otro
24123,1006,8,6,2,1,5658643,Completada
24124,1006,830,9,18,2,5659924,Completada
24125,1006,1,131,1,3,5660985,Completada
24126,1006,20,6,5,4,5676865,Completada
24127,1006,822,131,3,5,5683387,Completada
24128,1006,807,4,7,6,5745853,Completada
24129,1006,832,4,11,7,5753637,Completada
24130,1006,815,10,10,8,5759723,Completada
24131,1006,843,5,20,9,NA,Otro
24132,1006,828,15,16,10,NA,Otro
24133,1006,838,1,17,11,NA,Otro
24134,1006,842,5,19,12,NA,Otro
24135,1006,845,3,14,13,NA,Otro
24136,1006,840,3,15,14,NA,Otro
24137,1006,844,15,9,15,NA,Otro
24138,1006,817,9,4,16,NA,Otro
24139,1006,154,210,8,17,NA,Otro
24140,1006,4,1,13,18,NA,Accidente
24141,1006,839,10,6,19,NA,Descalificado
24142,1006,825,210,12,20,NA,Descalificado
24143,1007,830,9,2,1,5908851,Completada
24144,1007,20,6,4,2,5926167,Completada
24145,1007,8,6,6,3,5958765,Completada
24146,1007,1,131,3,4,5987589,Completada
24147,1007,822,131,5,5,NA,Otro
24148,1007,807,4,7,6,NA,Otro
24149,1007,844,15,9,7,NA,Otro
24150,1007,838,1,15,8,NA,Otro
24151,1007,828,15,10,9,NA,Otro
24152,1007,842,5,20,10,NA,Otro
24153,1007,839,10,11,11,NA,Otro
24154,1007,840,3,17,12,NA,Otro
24155,1007,845,3,19,13,NA,Otro
24156,1007,843,5,14,14,NA,Otro
24157,1007,825,210,16,15,NA,Otro
24158,1007,154,210,18,16,NA,Otro
24159,1007,817,9,1,17,NA,Otro
24160,1007,815,10,13,18,NA,Otro
24161,1007,832,4,8,19,NA,Otro
24162,1007,4,1,12,20,NA,Otro
24163,1008,1,131,1,1,5229066,Completada
24164,1008,830,9,5,2,5230535,Completada
24165,1008,8,6,4,3,5233830,Completada
24166,1008,817,9,11,4,5234259,Completada
24167,1008,822,131,3,5,5252009,Completada
24168,1008,20,6,2,6,5256063,Completada
24169,1008,844,15,7,7,5273265,Completada
24170,1008,154,210,8,8,5280296,Completada
24171,1008,825,210,10,9,5281923,Completada
24172,1008,815,10,12,10,NA,Otro
24173,1008,843,5,16,11,NA,Otro
24174,1008,832,4,15,12,NA,Otro
24175,1008,842,5,9,13,NA,Otro
24176,1008,838,1,20,14,NA,Otro
24177,1008,839,10,18,15,NA,Otro
24178,1008,845,3,14,16,NA,Otro
24179,1008,4,1,17,17,NA,Otro
24180,1008,840,3,19,18,NA,Otro
24181,1008,807,4,13,19,NA,Otro
24182,1008,828,15,6,20,NA,Accidente
24183,1009,1,131,1,1,5980382,Completada
24184,1009,20,6,3,2,5982963,Completada
24185,1009,830,9,6,3,5993088,Completada
24186,1009,817,9,5,4,5995761,Completada
24187,1009,822,131,2,5,6028339,Completada
24188,1009,832,4,11,6,6052930,Completada
24189,1009,844,15,8,7,6071171,Completada
24190,1009,815,10,14,8,6071657,Completada
24191,1009,154,210,7,9,NA,Otro
24192,1009,825,210,13,10,NA,Otro
24193,1009,4,1,15,11,NA,Otro
24194,1009,843,5,16,12,NA,Otro
24195,1009,840,3,20,13,NA,Otro
24196,1009,838,1,18,14,NA,Otro
24197,1009,845,3,19,15,NA,Otro
24198,1009,842,5,17,16,NA,Otro
24199,1009,839,10,9,17,NA,Otro
24200,1009,828,15,12,18,NA,Otro
24201,1009,8,6,4,19,NA,Otro
24202,1009,807,4,10,20,NA,Accidente
24203,1010,822,131,2,1,5127325,Completada
24204,1010,1,131,1,2,5148211,Completada
24205,1010,830,9,4,3,5149845,Completada
24206,1010,20,6,3,4,5184434,Completada
24207,1010,844,6,5,5,5185528,Completada
24208,1010,825,210,7,6,5214481,Completada
24209,1010,807,4,11,7,NA,Otro
24210,1010,8,51,9,8,NA,Otro
24211,1010,840,211,16,9,NA,Otro
24212,1010,826,5,15,10,NA,Otro
24213,1010,842,9,17,11,NA,Otro
24214,1010,846,1,8,12,NA,Otro
24215,1010,815,211,10,13,NA,Otro
24216,1010,848,5,13,14,NA,Otro
24217,1010,841,51,14,15,NA,Otro
24218,1010,847,3,19,16,NA,Otro
24219,1010,9,3,20,17,NA,Otro
24220,1010,154,210,6,18,NA,Otro
24221,1010,817,4,12,19,NA,Otro
24222,1010,832,1,18,20,NA,Otro
24223,1011,1,131,3,1,5661295,Completada
24224,1011,822,131,4,2,5664275,Completada
24225,1011,844,6,1,3,5667426,Completada
24226,1011,830,9,5,4,5667703,Completada
24227,1011,20,6,2,5,5697363,Completada
24228,1011,846,1,9,6,5707049,Completada
24229,1011,8,51,8,7,5708765,Completada
24230,1011,842,9,13,8,5719389,Completada
24231,1011,848,5,12,9,5723992,Completada
24232,1011,815,211,14,10,5724991,Completada
24233,1011,841,51,16,11,5725894,Completada
24234,1011,826,5,15,12,NA,Otro
24235,1011,825,210,6,13,NA,Otro
24236,1011,840,211,18,14,NA,Otro
24237,1011,847,3,19,15,NA,Otro
24238,1011,9,3,20,16,NA,Otro
24239,1011,807,4,17,17,NA,Otro
24240,1011,817,4,10,18,NA,Otro
24241,1011,832,1,7,19,NA,Otro
24242,1011,154,210,11,20,NA,Otro
24243,1012,1,131,2,1,5526350,Completada
24244,1012,822,131,1,2,5532902,Completada
24245,1012,20,6,3,3,5540124,Completada
24246,1012,830,9,5,4,5553977,Completada
24247,1012,844,6,4,5,5557626,Completada
24248,1012,842,9,6,6,5615657,Completada
24249,1012,817,4,7,7,NA,Otro
24250,1012,815,211,12,8,NA,Otro
24251,1012,8,51,13,9,NA,Otro
24252,1012,848,5,NA,10,NA,Otro
24253,1012,154,210,10,11,NA,Otro
24254,1012,840,211,16,12,NA,Otro
24255,1012,825,210,9,13,NA,Otro
24256,1012,832,1,14,14,NA,Otro
24257,1012,841,51,19,15,NA,Otro
24258,1012,847,3,17,16,NA,Otro
24259,1012,9,3,18,17,NA,Otro
24260,1012,846,1,15,18,NA,Accidente
24261,1012,826,5,11,19,NA,Accidente
24262,1012,807,4,8,20,NA,Otro
24263,1013,822,131,1,1,5512942,Completada
24264,1013,1,131,2,2,5514466,Completada
24265,1013,20,6,3,3,5524681,Completada
24266,1013,830,9,4,4,5530435,Completada
24267,1013,844,6,8,5,5582049,Completada
24268,1013,815,211,5,6,5589358,Completada
24269,1013,832,1,9,7,5596768,Completada
24270,1013,846,1,7,8,5613210,Completada
24271,1013,840,211,13,9,5616758,Completada
24272,1013,8,51,NA,10,NA,Otro
24273,1013,848,5,11,11,NA,Otro
24274,1013,841,51,17,12,NA,Otro
24275,1013,825,210,12,13,NA,Otro
24276,1013,807,4,15,14,NA,Otro
24277,1013,847,3,16,15,NA,Otro
24278,1013,9,3,NA,16,NA,Otro
24279,1013,842,9,NA,17,NA,Otro
24280,1013,154,210,14,18,NA,Otro
24281,1013,826,5,6,19,NA,Accidente
24282,1013,817,4,10,20,NA,Accidente
24283,1014,1,131,2,1,5750443,Completada
24284,1014,822,131,1,2,5754517,Completada
24285,1014,830,9,4,3,5758122,Completada
24286,1014,20,6,3,4,5759610,Completada
24287,1014,844,6,5,5,5763804,Completada
24288,1014,842,9,6,6,5770019,Completada
24289,1014,825,210,8,7,5778602,Completada
24290,1014,832,1,12,8,5782785,Completada
24291,1014,826,5,9,9,5783499,Completada
24292,1014,154,210,7,10,5785084,Completada
24293,1014,848,5,11,11,5785888,Completada
24294,1014,817,4,13,12,5787201,Completada
24295,1014,807,4,NA,13,5789684,Completada
24296,1014,8,51,14,14,5792246,Completada
24297,1014,815,211,15,15,5797320,Completada
24298,1014,841,51,18,16,5798134,Completada
24299,1014,847,3,19,17,NA,Otro
24300,1014,9,3,17,18,NA,Otro
24301,1014,840,211,16,19,NA,Accidente
24302,1014,846,1,10,20,NA,Accidente
24306,1015,1,131,1,1,6208437,Completada
24307,1015,20,6,4,2,6211039,Completada
24308,1015,822,131,2,3,6211599,Completada
24309,1015,830,9,3,4,6213974,Completada
24310,1015,842,9,8,5,6218383,Completada
24311,1015,832,1,9,6,6261891,Completada
24312,1015,826,5,7,7,6263011,Completada
24313,1015,848,5,10,8,6263637,Completada
24314,1015,817,4,6,9,6269331,Completada
24315,1015,154,210,13,10,6269471,Completada
24316,1015,846,1,12,11,6275238,Completada
24317,1015,825,210,5,14,NA,Otro
24318,1015,815,211,16,12,NA,Otro
24319,1015,807,4,11,13,NA,Otro
24320,1015,847,3,19,15,NA,Otro
24321,1015,840,211,17,16,NA,Otro
24322,1015,8,51,14,17,NA,Otro
24323,1015,9,3,20,18,NA,Otro
24324,1015,841,51,18,19,NA,Otro
24325,1015,844,6,15,20,NA,Accidente
24326,1016,1,131,2,1,5347084,Completada
24327,1016,20,6,1,2,5350742,Completada
24328,1016,844,6,3,3,5351780,Completada
24329,1016,822,131,6,4,5398127,Completada
24330,1016,830,9,9,5,5404739,Completada
24331,1016,817,4,4,6,NA,Otro
24332,1016,807,4,7,7,NA,Otro
24333,1016,842,9,5,8,NA,Otro
24334,1016,840,211,17,9,NA,Otro
24335,1016,826,5,10,10,NA,Otro
24336,1016,832,1,11,11,NA,Otro
24337,1016,815,211,15,12,NA,Otro
24338,1016,841,51,12,13,NA,Otro
24339,1016,154,210,14,14,NA,Otro
24340,1016,8,51,16,15,NA,Otro
24341,1016,847,3,18,16,NA,Otro
24342,1016,825,210,NA,17,NA,Otro
24343,1016,9,3,19,18,NA,Otro
24344,1016,848,5,13,19,NA,Otro
24345,1016,846,1,8,20,NA,Otro
24346,1017,1,131,1,1,5071198,Completada
24347,1017,822,131,2,2,5089254,Completada
24348,1017,844,6,3,3,5090183,Completada
24349,1017,830,9,4,4,5106103,Completada
24350,1017,20,6,7,5,5133994,Completada
24351,1017,832,1,6,6,5166660,Completada
24352,1017,8,51,12,7,NA,Otro
24353,1017,807,4,13,8,NA,Otro
24354,1017,846,1,5,9,NA,Otro
24355,1017,842,9,9,10,NA,Otro
24356,1017,817,4,8,11,NA,Otro
24357,1017,815,211,14,12,NA,Otro
24358,1017,840,211,17,13,NA,Otro
24359,1017,826,5,19,14,NA,Otro
24360,1017,848,5,11,15,NA,Otro
24361,1017,841,51,10,16,NA,Otro
24362,1017,825,210,15,17,NA,Otro
24363,1017,9,3,18,18,NA,Otro
24364,1017,847,3,20,19,NA,Otro
24365,1017,154,210,16,20,NA,Otro
24366,1018,830,9,2,1,4921822,Completada
24367,1018,844,6,1,2,4924546,Completada
24368,1018,822,131,3,3,4940782,Completada
24369,1018,20,6,9,4,4941432,Completada
24370,1018,1,131,4,5,4944627,Completada
24371,1018,846,1,5,6,NA,Otro
24372,1018,842,9,8,7,NA,Otro
24373,1018,832,1,19,8,NA,Otro
24374,1018,8,51,6,9,NA,Otro
24375,1018,841,51,7,10,NA,Otro
24376,1018,815,211,13,11,NA,Otro
24377,1018,817,4,12,12,NA,Otro
24378,1018,807,4,15,13,NA,Otro
24379,1018,840,211,14,14,NA,Otro
24380,1018,848,5,18,15,NA,Otro
24381,1018,154,210,11,16,NA,Otro
24382,1018,826,5,16,17,NA,Otro
24383,1018,847,3,NA,18,NA,Otro
24384,1018,825,210,10,19,NA,Otro
24385,1018,9,3,17,20,NA,Otro
24386,1019,1,131,2,1,4868452,Completada
24387,1019,822,131,1,2,4893380,Completada
24388,1019,844,6,3,3,4898569,Completada
24389,1019,842,9,5,4,4903144,Completada
24390,1019,830,9,4,5,4907910,Completada
24391,1019,832,1,13,6,4922091,Completada
24392,1019,817,4,7,7,4922853,Completada
24393,1019,8,51,12,8,4933992,Completada
24394,1019,826,5,17,9,4935172,Completada
24395,1019,807,4,10,10,4941185,Completada
24396,1019,846,1,8,11,4942733,Completada
24397,1019,848,5,9,12,4944069,Completada
24398,1019,840,211,18,13,4949538,Completada
24399,1019,847,3,19,14,NA,Otro
24400,1019,9,3,20,15,NA,Otro
24401,1019,20,6,6,16,NA,Otro
24402,1019,815,211,15,17,NA,Otro
24403,1019,841,51,11,18,NA,Otro
24404,1019,154,210,14,19,NA,Accidente
24405,1019,825,210,16,20,NA,Accidente
24406,1020,830,9,2,1,6271275,Completada
24407,1020,20,6,20,2,6278608,Completada
24408,1020,826,5,14,3,6279580,Completada
24409,1020,840,211,15,4,6280241,Completada
24410,1020,832,1,7,5,6280858,Completada
24411,1020,848,5,16,6,6281327,Completada
24412,1020,154,210,6,7,6288113,Completada
24413,1020,825,210,12,8,6290040,Completada
24414,1020,1,131,1,9,6290942,Completada
24415,1020,9,3,18,10,6296262,Completada
24416,1020,847,3,17,11,6297679,Completada
24417,1020,8,51,5,12,6313489,Completada
24418,1020,841,51,11,13,6315124,Completada
24419,1020,842,9,4,14,NA,Accidente
24420,1020,822,131,3,15,NA,Accidente
24421,1020,807,4,9,16,NA,Accidente
24422,1020,844,6,10,17,NA,Accidente
24423,1020,846,1,19,18,NA,Otro
24424,1020,817,4,13,19,NA,Otro
24425,1020,815,211,8,20,NA,Otro
24426,1021,1,131,3,1,5703796,Completada
24427,1021,830,9,1,2,5721592,Completada
24428,1021,20,6,5,3,5765229,Completada
24429,1021,844,6,4,4,5769046,Completada
24430,1021,832,1,8,5,NA,Otro
24431,1021,842,9,6,6,NA,Otro
24432,1021,8,51,10,7,NA,Otro
24433,1021,822,131,2,8,NA,Otro
24434,1021,846,1,7,9,NA,Otro
24435,1021,848,5,12,10,NA,Otro
24436,1021,815,211,16,11,NA,Otro
24437,1021,807,4,11,12,NA,Otro
24438,1021,825,210,14,13,NA,Otro
24439,1021,817,4,20,14,NA,Otro
24440,1021,826,5,13,15,NA,Otro
24441,1021,847,3,15,16,NA,Otro
24442,1021,840,211,18,17,NA,Otro
24443,1021,841,51,17,18,NA,Otro
24444,1021,9,3,19,19,NA,Otro
24445,1021,154,210,9,20,NA,Otro
24446,1022,844,6,1,1,5025710,Completada
24447,1022,1,131,3,2,5026691,Completada
24448,1022,822,131,4,3,5038295,Completada
24449,1022,20,6,2,4,5052132,Completada
24450,1022,848,9,17,5,5107035,Completada
24451,1022,815,211,7,6,5110158,Completada
24452,1022,826,5,19,7,5115367,Completada
24453,1022,807,4,12,8,5132349,Completada
24454,1022,842,5,13,9,5134878,Completada
24455,1022,840,211,16,10,5135548,Completada
24456,1022,846,1,11,11,NA,Otro
24457,1022,825,210,8,12,NA,Otro
24458,1022,154,210,9,13,NA,Otro
24459,1022,817,4,10,14,NA,Otro
24460,1022,847,3,14,15,NA,Otro
24461,1022,8,51,6,16,NA,Otro
24462,1022,9,3,NA,17,NA,Otro
24463,1022,841,51,18,18,NA,Accidente
24464,1022,832,1,15,19,NA,Otro
24465,1022,830,9,5,20,NA,Accidente
24466,1023,844,6,1,1,4526665,Completada
24467,1023,822,131,3,2,4527500,Completada
24468,1023,1,131,2,3,4561864,Completada
24469,1023,817,4,5,4,4572180,Completada
24470,1023,807,4,6,5,4584830,Completada
24471,1023,848,9,8,6,4585980,Completada
24472,1023,815,211,18,7,4600467,Completada
24473,1023,830,9,19,8,4601157,Completada
24474,1023,841,51,10,9,NA,Otro
24475,1023,846,1,16,10,NA,Otro
24476,1023,842,5,17,11,NA,Otro
24477,1023,840,211,9,12,NA,Otro
24478,1023,20,6,4,13,NA,Otro
24479,1023,847,3,14,14,NA,Otro
24480,1023,8,51,NA,15,NA,Otro
24481,1023,154,210,13,16,NA,Otro
24482,1023,9,3,15,17,NA,Otro
24483,1023,825,210,11,18,NA,Otro
24484,1023,826,5,12,19,NA,Otro
24485,1023,832,1,7,20,NA,Otro
24486,1024,20,6,3,1,7113667,Completada
24487,1024,844,6,1,2,7116308,Completada
24488,1024,830,9,4,3,7117488,Completada
24489,1024,1,131,2,4,7118275,Completada
24490,1024,822,131,5,5,7119786,Completada
24491,1024,848,9,6,6,7125330,Completada
24492,1024,846,1,9,7,7128436,Completada
24493,1024,842,5,11,8,7129214,Completada
24494,1024,807,4,8,9,7130385,Completada
24495,1024,841,51,10,10,7141522,Completada
24496,1024,154,210,17,11,7149103,Completada
24497,1024,832,1,7,12,7149641,Completada
24498,1024,840,211,16,13,7150086,Completada
24499,1024,817,4,20,14,7151327,Completada
24500,1024,826,5,14,15,7151845,Completada
24501,1024,9,3,19,16,7160691,Completada
24502,1024,825,210,13,17,7200189,Completada
24503,1024,8,51,12,18,NA,Accidente
24504,1024,815,211,15,19,NA,Otro
24505,1024,847,3,18,20,NA,Accidente
24506,1025,1,131,2,1,5618992,Completada
24507,1025,822,131,4,2,5622821,Completada
24508,1025,844,6,1,3,5624204,Completada
24509,1025,830,9,9,4,5633202,Completada
24510,1025,848,9,NA,5,5657340,Completada
24511,1025,832,1,5,6,5664881,Completada
24512,1025,815,211,11,7,5667720,Completada
24513,1025,846,1,7,8,5676741,Completada
24514,1025,825,210,13,9,5677771,Completada
24515,1025,807,4,6,10,5678833,Completada
24516,1025,840,211,14,11,5679813,Completada
24517,1025,826,5,19,12,5681488,Completada
24518,1025,8,51,15,13,5687902,Completada
24519,1025,842,5,16,14,5689068,Completada
24520,1025,841,51,12,15,5692338,Completada
24521,1025,9,3,18,16,NA,Otro
24522,1025,847,3,17,17,NA,Otro
24523,1025,20,6,3,18,NA,Otro
24524,1025,817,4,10,19,NA,Accidente
24525,1025,154,210,8,20,NA,Accidente
24526,1026,822,131,3,1,4906755,Completada
24527,1026,20,6,1,2,4920098,Completada
24528,1026,1,131,4,3,4920613,Completada
24529,1026,848,9,6,4,4966292,Completada
24530,1026,832,1,7,5,4975856,Completada
24531,1026,844,6,2,6,NA,Otro
24532,1026,842,5,9,7,NA,Otro
24533,1026,815,211,17,8,NA,Otro
24534,1026,840,211,12,9,NA,Otro
24535,1026,826,5,14,10,NA,Otro
24536,1026,846,1,8,11,NA,Otro
24537,1026,8,51,13,12,NA,Otro
24538,1026,154,210,10,13,NA,Otro
24539,1026,841,51,11,14,NA,Otro
24540,1026,825,210,19,15,NA,Otro
24541,1026,847,3,18,16,NA,Otro
24542,1026,9,3,NA,17,NA,Otro
24543,1026,830,9,5,18,NA,Otro
24544,1026,817,4,16,19,NA,Descalificado
24545,1026,807,4,15,20,NA,Descalificado
24546,1027,1,131,3,1,5808904,Completada
24547,1027,20,6,2,2,5810670,Completada
24548,1027,822,131,6,3,5812457,Completada
24549,1027,844,6,1,4,5815272,Completada
24550,1027,848,9,5,5,5830303,Completada
24551,1027,830,9,4,6,5877711,Completada
24552,1027,815,211,11,7,5882723,Completada
24553,1027,817,4,13,8,5883828,Completada
24554,1027,842,5,10,9,NA,Otro
24555,1027,807,4,12,10,NA,Otro
24556,1027,826,5,9,11,NA,Otro
24557,1027,840,211,16,12,NA,Otro
24558,1027,832,1,7,13,NA,Otro
24559,1027,841,51,15,14,NA,Otro
24560,1027,825,210,17,15,NA,Otro
24561,1027,847,3,19,16,NA,Otro
24562,1027,154,210,18,17,NA,Otro
24563,1027,9,3,20,18,NA,Otro
24564,1027,8,51,14,19,NA,Otro
24565,1027,846,1,8,20,NA,Otro
24626,1031,822,131,1,1,5455739,Completada
24566,1028,822,131,1,1,5635653,Completada
24567,1028,1,131,5,2,5639801,Completada
24568,1028,830,9,3,3,5640655,Completada
24569,1028,844,6,4,4,5687892,Completada
24570,1028,848,9,6,5,5713691,Completada
24571,1028,817,4,9,6,5726019,Completada
24572,1028,846,1,8,7,5726417,Completada
24573,1028,832,1,7,8,NA,Otro
24574,1028,807,4,11,9,NA,Otro
24575,1028,815,211,NA,10,NA,Otro
24576,1028,8,51,17,11,NA,Otro
24577,1028,826,5,13,12,NA,Otro
24578,1028,840,211,14,13,NA,Otro
24579,1028,841,51,16,14,NA,Otro
24580,1028,154,210,15,15,NA,Otro
24581,1028,842,5,10,16,NA,Otro
24582,1028,847,3,18,17,NA,Otro
24583,1028,825,210,12,18,NA,Otro
24584,1028,9,3,19,19,NA,Otro
24585,1028,20,6,2,20,NA,Otro
24586,1029,830,9,1,1,5594678,Completada
24587,1029,842,5,6,2,5600755,Completada
24588,1029,832,1,20,3,5603574,Completada
24589,1029,8,51,8,4,5604130,Completada
24590,1029,841,51,12,5,5604879,Completada
24591,1029,817,4,11,6,5605219,Completada
24592,1029,1,131,3,7,5605817,Completada
24593,1029,846,1,10,8,5605882,Completada
24594,1029,815,211,15,9,5606207,Completada
24595,1029,826,5,16,10,5606609,Completada
24596,1029,825,210,9,11,5607410,Completada
24597,1029,847,3,18,12,5608277,Completada
24598,1029,154,210,7,13,5608925,Completada
24599,1029,848,9,5,14,5609605,Completada
24600,1029,807,4,13,15,5612737,Completada
24601,1029,9,3,19,16,NA,Otro
24602,1029,20,6,2,17,NA,Accidente
24603,1029,844,6,14,18,NA,Accidente
24604,1029,840,211,17,19,NA,Otro
24605,1029,822,131,4,20,NA,Otro
24606,1030,1,131,1,1,5645715,Completada
24607,1030,830,9,2,2,5662487,Completada
24608,1030,844,6,3,3,5689150,Completada
24609,1030,822,131,20,4,5690094,Completada
24610,1030,20,6,4,5,5710072,Completada
24611,1030,848,9,5,6,5714920,Completada
24612,1030,815,211,10,7,NA,Otro
24613,1030,846,1,6,8,NA,Otro
24614,1030,826,5,13,9,NA,Otro
24615,1030,832,1,8,10,NA,Otro
24616,1030,817,4,7,11,NA,Otro
24617,1030,807,4,9,12,NA,Otro
24618,1030,8,51,17,13,NA,Otro
24619,1030,825,210,14,14,NA,Otro
24620,1030,154,210,15,15,NA,Otro
24621,1030,841,51,16,16,NA,Otro
24622,1030,847,3,18,17,NA,Otro
24623,1030,842,5,11,18,NA,Otro
24624,1030,9,3,19,19,NA,Otro
24625,1030,840,211,12,20,NA,Otro
24627,1031,844,6,7,2,5458439,Completada
24628,1031,846,1,3,3,5461230,Completada
24629,1031,1,131,5,4,5461428,Completada
24630,1031,832,1,8,5,5464642,Completada
24631,1031,815,211,6,6,5470831,Completada
24632,1031,842,213,12,7,5472421,Completada
24633,1031,839,4,14,8,5473195,Completada
24634,1031,841,51,18,9,5476885,Completada
24635,1031,20,6,11,10,5480284,Completada
24636,1031,849,3,20,11,5487389,Completada
24637,1031,826,213,13,12,NA,Otro
24638,1031,848,9,4,13,NA,Otro
24639,1031,8,51,19,14,NA,Otro
24640,1031,847,3,17,15,NA,Otro
24641,1031,154,210,15,16,NA,Otro
24642,1031,825,210,16,17,NA,Otro
24643,1031,840,211,9,18,NA,Otro
24644,1031,817,4,10,19,NA,Otro
24645,1031,830,9,2,20,NA,Otro
24646,1032,1,131,1,1,4970683,Completada
24647,1032,822,131,4,2,4984402,Completada
24648,1032,830,9,2,3,5004381,Completada
24649,1032,848,9,6,4,5015083,Completada
24650,1032,846,1,9,5,5032153,Completada
24651,1032,815,211,17,6,5033070,Completada
24652,1032,840,211,12,7,5033136,Completada
24653,1032,817,4,8,8,5033274,Completada
24654,1032,832,1,3,9,NA,Otro
24655,1032,826,213,13,10,NA,Otro
24656,1032,8,51,16,11,NA,Otro
24657,1032,825,210,15,12,NA,Otro
24658,1032,154,210,NA,13,NA,Otro
24659,1032,841,51,19,14,NA,Otro
24660,1032,842,213,7,15,NA,Otro
24661,1032,847,3,11,16,NA,Otro
24662,1032,849,3,18,17,NA,Otro
24663,1032,839,4,5,18,NA,Otro
24664,1032,844,6,14,19,NA,Otro
24665,1032,20,6,10,20,NA,Otro
24666,1033,1,131,1,1,5772473,Completada
24667,1033,830,9,7,2,5781175,Completada
24668,1033,822,131,2,3,5781925,Completada
24669,1033,840,211,3,4,5830052,Completada
24670,1033,848,9,13,5,5850789,Completada
24671,1033,20,6,5,6,NA,Otro
24672,1033,815,211,4,7,NA,Otro
24673,1033,817,4,11,8,NA,Otro
24674,1033,832,1,9,9,NA,Otro
24675,1033,825,210,NA,10,NA,Otro
24676,1033,844,6,6,11,NA,Otro
24677,1033,826,213,17,12,NA,Otro
24678,1033,846,1,8,13,NA,Otro
24679,1033,839,4,14,14,NA,Otro
24680,1033,8,51,20,15,NA,Otro
24681,1033,154,210,NA,16,NA,Otro
24682,1033,841,51,19,17,NA,Otro
24683,1033,847,3,12,18,NA,Otro
24684,1033,849,3,15,19,NA,Otro
24685,1033,842,213,10,20,NA,Otro
24686,1034,1,131,1,1,5281283,Completada
24687,1034,830,9,3,2,5287139,Completada
24688,1034,844,6,4,3,5299757,Completada
24689,1034,817,4,8,4,5300933,Completada
24690,1034,846,1,5,5,5303560,Completada
24691,1034,839,4,9,6,5308220,Completada
24692,1034,842,213,11,7,5312471,Completada
24693,1034,848,9,12,8,5313953,Completada
24694,1034,840,211,6,9,5318594,Completada
24695,1034,20,6,10,10,5323140,Completada
24696,1034,822,131,2,11,5323450,Completada
24697,1034,847,3,20,12,5333287,Completada
24698,1034,832,1,7,13,5334653,Completada
24699,1034,841,51,15,14,5335488,Completada
24700,1034,849,3,18,15,5335832,Completada
24701,1034,154,210,17,16,5336333,Completada
24702,1034,8,51,16,17,NA,Otro
24703,1034,826,213,19,18,NA,Accidente
24704,1034,825,210,14,19,NA,Accidente
24705,1034,807,211,13,20,NA,Otro
24706,1035,830,9,4,1,4781993,Completada
24707,1035,1,131,2,2,4793319,Completada
24708,1035,822,131,1,3,4801224,Completada
24709,1035,844,6,8,4,4811282,Completada
24710,1035,848,9,9,5,4821139,Completada
24711,1035,840,211,6,6,4824531,Completada
24712,1035,807,211,3,7,4837944,Completada
24713,1035,839,4,14,8,4846766,Completada
24714,1035,846,1,10,9,4847537,Completada
24715,1035,826,213,16,10,4851662,Completada
24716,1035,842,213,7,11,4852635,Completada
24717,1035,20,6,11,12,4855363,Completada
24718,1035,832,1,12,13,4856063,Completada
24719,1035,817,4,5,14,NA,Otro
24720,1035,8,51,20,15,NA,Otro
24721,1035,154,210,13,16,NA,Otro
24722,1035,841,51,19,17,NA,Otro
24723,1035,847,3,15,18,NA,Otro
24724,1035,849,3,18,19,NA,Otro
24725,1035,825,210,17,20,NA,Otro
24726,1036,1,131,1,1,5505279,Completada
24727,1036,830,9,3,2,5529456,Completada
24728,1036,822,131,2,3,5550031,Completada
24729,1036,840,211,5,4,NA,Otro
24730,1036,815,211,4,5,NA,Otro
24731,1036,832,1,7,6,NA,Otro
24732,1036,20,6,11,7,NA,Otro
24733,1036,848,9,6,8,NA,Otro
24734,1036,842,213,10,9,NA,Otro
24735,1036,846,1,8,10,NA,Otro
24736,1036,817,4,13,11,NA,Otro
24737,1036,826,213,12,12,NA,Otro
24738,1036,839,4,15,13,NA,Otro
24739,1036,8,51,14,14,NA,Otro
24740,1036,825,210,16,15,NA,Otro
24741,1036,841,51,20,16,NA,Otro
24742,1036,847,3,18,17,NA,Otro
24743,1036,849,3,19,18,NA,Otro
24744,1036,154,210,17,19,NA,Otro
24745,1036,844,6,9,20,NA,Otro
24746,1037,1,131,1,1,5048761,Completada
24747,1037,822,131,2,2,5057209,Completada
24748,1037,830,9,3,3,5064216,Completada
24749,1037,817,4,4,4,5067638,Completada
24750,1037,839,4,6,5,5089411,Completada
24751,1037,848,9,5,6,5091473,Completada
24752,1037,846,1,10,7,5092535,Completada
24753,1037,842,213,12,8,5096132,Completada
24754,1037,840,211,9,9,5101364,Completada
24755,1037,815,211,8,10,5101940,Completada
24756,1037,826,213,11,11,5118961,Completada
24757,1037,8,51,16,12,5120265,Completada
24758,1037,20,6,14,13,5121655,Completada
24759,1037,844,6,13,14,5123681,Completada
24760,1037,154,210,17,15,5125554,Completada
24761,1037,849,3,19,16,5126556,Completada
24762,1037,825,210,20,17,5134301,Completada
24763,1037,841,51,18,18,NA,Accidente
24764,1037,847,3,15,19,NA,Otro
24765,1037,832,1,7,20,NA,Otro
24766,1038,842,213,10,1,6426056,Completada
24767,1038,832,1,3,2,6426471,Completada
24768,1038,840,211,8,3,6429414,Completada
24769,1038,846,1,6,4,6432056,Completada
24770,1038,822,131,2,5,6433164,Completada
24771,1038,817,4,7,6,6434447,Completada
24772,1038,1,131,1,7,6443301,Completada
24773,1038,839,4,12,8,6444747,Completada
24774,1038,826,213,11,9,6448264,Completada
24775,1038,815,211,4,10,6449280,Completada
24776,1038,849,3,20,11,6458932,Completada
24777,1038,154,210,16,12,6461220,Completada
24778,1038,8,51,14,13,6462368,Completada
24779,1038,847,3,19,14,6462649,Completada
24780,1038,848,9,9,15,6463589,Completada
24781,1038,841,51,18,16,6481255,Completada
24782,1038,830,9,5,17,NA,Otro
24783,1038,844,6,13,18,NA,Accidente
24784,1038,825,210,15,19,NA,Otro
24785,1038,20,6,17,20,NA,Otro
24786,1039,1,131,1,1,8375060,Completada
24787,1039,822,131,2,2,8379940,Completada
24788,1039,848,9,4,3,8383124,Completada
24789,1039,817,4,8,4,8385477,Completada
24790,1039,815,211,7,5,8390710,Completada
24791,1039,846,1,11,6,8393943,Completada
24792,1039,826,213,12,7,8396816,Completada
24793,1039,844,6,5,8,8403405,Completada
24794,1039,8,51,13,9,8404830,Completada
24795,1039,20,6,14,10,8405043,Completada
24796,1039,847,3,18,11,8407464,Completada
24797,1039,154,210,15,12,8417096,Completada
24798,1039,840,211,6,13,NA,Otro
24799,1039,839,4,10,14,NA,Otro
24800,1039,849,3,19,15,NA,Accidente
24801,1039,825,210,20,16,NA,Accidente
24802,1039,841,51,17,17,NA,Accidente
24803,1039,832,1,9,18,NA,Accidente
24804,1039,830,9,3,19,NA,Accidente
24805,1039,842,213,16,20,NA,Accidente
24806,1040,822,131,3,1,5640364,Completada
24807,1040,830,9,2,2,5648093,Completada
24808,1040,1,131,1,3,5663093,Completada
24809,1040,815,211,4,4,5670922,Completada
24810,1040,817,4,5,5,5692429,Completada
24811,1040,844,6,10,6,5702550,Completada
24812,1040,839,4,7,7,5708370,Completada
24813,1040,826,213,11,8,5709104,Completada
24814,1040,842,213,9,9,5730130,Completada
24815,1040,848,9,15,10,5738224,Completada
24816,1040,841,51,17,11,NA,Otro
24817,1040,825,210,18,12,NA,Otro
24818,1040,20,6,14,13,NA,Otro
24819,1040,8,51,19,14,NA,Otro
24820,1040,846,1,8,15,NA,Otro
24821,1040,849,3,20,16,NA,Otro
24822,1040,154,210,16,17,NA,Otro
24823,1040,847,3,13,18,NA,Otro
24824,1040,832,1,6,19,NA,Accidente
24825,1040,840,211,12,20,NA,Accidente
24826,1041,1,131,2,1,5749641,Completada
24827,1041,830,9,3,2,5754111,Completada
24828,1041,817,4,6,3,5764254,Completada
24829,1041,815,211,9,4,5765711,Completada
24830,1041,832,1,10,5,5771546,Completada
24831,1041,842,213,12,6,5772407,Completada
24832,1041,844,6,4,7,5780455,Completada
24833,1041,807,211,20,8,5782237,Completada
24834,1041,154,210,16,9,5788722,Completada
24835,1041,841,51,14,10,5789676,Completada
24836,1041,20,6,11,11,5790451,Completada
24837,1041,8,51,19,12,5791117,Completada
24838,1041,825,210,15,13,5799226,Completada
24839,1041,849,3,18,14,5804090,Completada
24840,1041,826,213,13,15,5805229,Completada
24841,1041,846,1,8,16,NA,Otro
24842,1041,848,9,5,17,NA,Otro
24843,1041,839,4,7,18,NA,Otro
24844,1041,822,131,1,19,NA,Otro
24845,1041,847,3,17,20,NA,Accidente
24846,1042,1,131,1,1,5396828,Completada
24847,1042,822,131,2,2,5422420,Completada
24848,1042,830,9,3,3,5431336,Completada
24849,1042,844,6,4,4,5462140,Completada
24850,1042,842,213,9,5,NA,Otro
24851,1042,832,1,7,6,NA,Otro
24852,1042,815,211,5,7,NA,Otro
24853,1042,839,4,11,8,NA,Otro
24854,1042,817,4,10,9,NA,Otro
24855,1042,20,6,15,10,NA,Otro
24856,1042,8,51,16,11,NA,Otro
24857,1042,848,9,6,12,NA,Otro
24858,1042,846,1,8,13,NA,Otro
24859,1042,847,3,14,14,NA,Otro
24860,1042,841,51,17,15,NA,Otro
24861,1042,825,210,19,16,NA,Otro
24862,1042,154,210,18,17,NA,Otro
24863,1042,849,3,20,18,NA,Otro
24864,1042,826,213,13,19,NA,Otro
24865,1042,840,211,12,20,NA,Otro
24866,1043,1,131,2,1,5312430,Completada
24867,1043,822,131,1,2,5318213,Completada
24868,1043,817,4,5,3,5326750,Completada
24869,1043,826,213,8,4,5327571,Completada
24870,1043,844,6,7,5,5331541,Completada
24871,1043,815,211,11,6,5332082,Completada
24872,1043,832,1,10,7,5332660,Completada
24873,1043,846,1,9,8,5333561,Completada
24874,1043,8,51,18,9,5334654,Completada
24875,1043,841,51,20,10,5338828,Completada
24876,1043,849,3,19,11,5339565,Completada
24877,1043,20,6,14,12,5340883,Completada
24878,1043,840,211,15,13,5341593,Completada
24879,1043,154,210,16,14,5345365,Completada
24880,1043,848,9,6,15,5369714,Completada
24881,1043,847,3,13,16,NA,Accidente
24882,1043,830,9,3,17,NA,Otro
24883,1043,825,210,17,18,NA,Otro
24884,1043,839,4,12,19,NA,Otro
24885,1043,842,213,4,20,NA,Otro
24886,1044,1,131,6,1,6139313,Completada
24887,1044,815,211,3,2,6170946,Completada
24888,1044,20,6,11,3,6171273,Completada
24889,1044,844,6,12,4,6173171,Completada
24890,1044,832,1,15,5,6173676,Completada
24891,1044,830,9,2,6,6184186,Completada
24892,1044,848,9,4,7,6185797,Completada
24893,1044,846,1,14,8,6200572,Completada
24894,1044,840,211,1,9,6211666,Completada
24895,1044,817,4,5,10,6234773,Completada
24896,1044,839,4,7,11,NA,Otro
24897,1044,826,213,16,12,NA,Otro
24898,1044,842,213,19,13,NA,Otro
24899,1044,822,131,9,14,NA,Otro
24900,1044,8,51,8,15,NA,Otro
24901,1044,847,3,NA,16,NA,Otro
24902,1044,825,210,13,17,NA,Otro
24903,1044,154,210,17,18,NA,Otro
24904,1044,849,3,NA,19,NA,Otro
24905,1044,841,51,10,20,NA,Otro
24906,1045,1,131,1,1,10787515,Completada
24907,1045,830,9,3,2,10788769,Completada
24908,1045,848,9,4,3,10795520,Completada
24909,1045,846,1,9,4,10798852,Completada
24910,1045,832,1,15,5,10799302,Completada
24911,1045,842,213,8,6,10799457,Completada
24912,1045,817,4,6,7,10806883,Completada
24913,1045,822,131,2,8,10807195,Completada
24914,1045,839,4,7,9,10810318,Completada
24915,1045,844,6,12,10,NA,Otro
24916,1045,826,213,10,11,NA,Otro
24917,1045,847,3,14,12,NA,Otro
24918,1045,20,6,11,13,NA,Otro
24919,1045,849,3,20,14,NA,Otro
24920,1045,8,51,17,15,NA,Otro
24921,1045,841,51,16,16,NA,Otro
24922,1045,825,210,18,17,NA,Otro
24923,1045,815,211,5,18,NA,Otro
24924,1045,840,211,13,19,NA,Accidente
24925,1045,154,210,19,20,NA,Accidente
24926,1046,815,211,5,1,5475114,Completada
24927,1046,839,4,11,2,5485632,Completada
24928,1046,840,211,10,3,5486983,Completada
24929,1046,832,1,8,4,5487694,Completada
24930,1046,817,4,7,5,5488444,Completada
24931,1046,848,9,12,6,5488956,Completada
24932,1046,826,213,6,7,5489648,Completada
24933,1046,822,131,1,8,5490503,Completada
24934,1046,847,131,2,9,5493670,Completada
24935,1046,846,1,19,10,5494655,Completada
24936,1046,842,213,9,11,5495641,Completada
24937,1046,20,6,13,12,5497725,Completada
24938,1046,841,51,14,13,5499225,Completada
24939,1046,8,51,18,14,5501267,Completada
24940,1046,825,210,15,15,5507484,Completada
24941,1046,851,3,17,16,5508788,Completada
24942,1046,850,210,20,17,5511972,Completada
24943,1046,849,3,16,18,NA,Otro
24944,1046,830,9,3,19,NA,Accidente
24945,1046,844,6,4,20,NA,Accidente
24946,1047,830,9,1,1,5788645,Completada
24947,1047,822,131,2,2,5804621,Completada
24948,1047,1,131,3,3,5807060,Completada
24949,1047,848,9,5,4,5808632,Completada
24950,1047,846,1,4,5,5849374,Completada
24951,1047,832,1,6,6,5854307,Completada
24952,1047,817,4,11,7,5862393,Completada
24953,1047,842,213,9,8,5878363,Completada
24954,1047,839,4,10,9,5799996,Completada
24955,1047,840,211,8,10,5790314,Completada
24956,1047,826,213,7,11,NA,Otro
24957,1047,8,51,15,12,NA,Otro
24958,1047,844,6,12,13,NA,Otro
24959,1047,20,6,13,14,NA,Otro
24960,1047,847,3,16,15,NA,Otro
24961,1047,841,51,14,16,NA,Otro
24962,1047,849,3,18,17,NA,Otro
24963,1047,825,210,20,18,NA,Otro
24964,1047,850,210,17,19,NA,Otro
24965,1047,815,211,19,20,NA,Otro
24966,1052,1,131,2,1,5523897,Completada
24967,1052,830,9,1,2,5524642,Completada
24968,1052,822,131,3,3,5561280,Completada
24969,1052,846,1,7,4,5570363,Completada
24970,1052,815,9,NA,5,5575944,Completada
24971,1052,844,6,4,6,5582987,Completada
24972,1052,817,1,6,7,5589901,Completada
24973,1052,832,6,8,8,5590997,Completada
24974,1052,852,213,13,9,5609589,Completada
24975,1052,840,117,10,10,5610610,Completada
24976,1052,8,51,14,11,5612761,Completada
24977,1052,841,51,12,12,NA,Otro
24978,1052,839,214,16,13,NA,Otro
24979,1052,847,3,15,14,NA,Otro
24980,1052,20,117,20,15,NA,Otro
24981,1052,854,210,18,16,NA,Otro
24982,1052,842,213,5,17,NA,Otro
24983,1052,849,3,17,18,NA,Otro
24984,1052,4,214,9,19,NA,Otro
24985,1052,853,210,19,20,NA,Accidente
24986,1053,830,9,3,1,7354598,Completada
24987,1053,1,131,1,2,7376598,Completada
24988,1053,846,1,7,3,7378300,Completada
24989,1053,844,6,4,4,7380177,Completada
24990,1053,832,6,11,5,7381634,Completada
24991,1053,817,1,6,6,7405818,Completada
24992,1053,842,213,5,7,7407416,Completada
24993,1053,840,117,10,8,7411507,Completada
24994,1053,839,214,9,9,7420302,Completada
24995,1053,4,214,15,10,7421159,Completada
24996,1053,815,9,2,11,7421749,Completada
24997,1053,852,213,20,12,7427782,Completada
24998,1053,8,51,16,13,7449371,Completada
24999,1053,841,51,17,14,NA,Otro
25000,1053,20,117,NA,15,NA,Otro
25001,1053,854,210,18,16,NA,Otro
25002,1053,853,210,19,17,NA,Otro
25003,1053,822,131,8,18,NA,Accidente
25004,1053,847,3,12,19,NA,Accidente
25005,1053,849,3,14,20,NA,Accidente
25006,1054,1,131,2,1,5671421,Completada
25007,1054,830,9,3,2,5700569,Completada
25008,1054,822,131,1,3,5704951,Completada
25009,1054,815,9,4,4,5711156,Completada
25010,1054,846,1,7,5,5722790,Completada
25011,1054,844,6,8,6,5727202,Completada
25012,1054,839,214,6,7,5735170,Completada
25013,1054,4,214,13,8,5673229,Completada
25014,1054,817,1,16,9,5746790,Completada
25015,1054,842,213,9,10,5747884,Completada
25016,1054,832,6,5,11,5750376,Completada
25017,1054,841,51,12,12,NA,Otro
25018,1054,20,117,10,13,NA,Otro
25019,1054,840,117,17,14,NA,Otro
25020,1054,852,213,14,15,NA,Otro
25021,1054,847,3,11,16,NA,Otro
25022,1054,854,210,19,17,NA,Otro
25023,1054,849,3,18,18,NA,Otro
25024,1054,853,210,20,19,NA,Otro
25025,1054,8,51,15,20,NA,Otro
25026,1055,1,131,1,1,5587680,Completada
25027,1055,830,9,2,2,5603521,Completada
25028,1055,822,131,3,3,5614290,Completada
25029,1055,844,6,4,4,5642296,Completada
25030,1055,815,9,8,5,5651351,Completada
25031,1055,817,1,7,6,5661448,Completada
25032,1055,832,6,6,7,5662350,Completada
25033,1055,846,1,9,8,NA,Otro
25034,1055,839,214,5,9,NA,Otro
25035,1055,842,213,12,10,NA,Otro
25036,1055,840,117,11,11,NA,Otro
25037,1055,8,51,17,12,NA,Otro
25038,1055,20,117,13,13,NA,Otro
25039,1055,847,3,15,14,NA,Otro
25040,1055,841,51,14,15,NA,Otro
25041,1055,849,3,19,16,NA,Otro
25042,1055,4,214,10,17,NA,Otro
25043,1055,854,210,18,18,NA,Otro
25044,1055,853,210,20,19,NA,Otro
25045,1055,852,213,16,20,NA,Otro
25047,1056,832,6,4,2,5945788,Completada
25046,1056,830,9,2,1,5936820,Completada
25048,1056,846,1,5,3,5956247,Completada
25049,1056,815,9,9,4,5957310,Completada
25050,1056,20,117,8,5,5989411,Completada
25051,1056,842,213,6,6,5990716,Completada
25052,1056,1,131,7,7,6005051,Completada
25053,1056,840,117,13,8,NA,Otro
25054,1056,839,214,11,9,NA,Otro
25055,1056,841,51,10,10,NA,Otro
25056,1056,8,51,14,11,NA,Otro
25057,1056,817,1,12,12,NA,Otro
25058,1056,4,214,17,13,NA,Otro
25059,1056,847,3,15,14,NA,Otro
25060,1056,849,3,18,15,NA,Otro
25061,1056,852,213,16,16,NA,Otro
25062,1056,853,210,19,17,NA,Otro
25063,1056,854,210,20,18,NA,Otro
25064,1056,822,131,3,19,NA,Otro
25065,1056,844,6,1,20,NA,Otro
25066,1057,815,9,6,1,8016410,Completada
25067,1057,20,117,11,2,8017795,Completada
25068,1057,842,213,4,3,8019172,Completada
25069,1057,844,6,1,4,8020238,Completada
25070,1057,846,1,9,5,8021164,Completada
25071,1057,4,214,8,6,8022792,Completada
25072,1057,852,213,7,7,8023034,Completada
25073,1057,832,6,5,8,8024119,Completada
25074,1057,817,1,13,9,8025284,Completada
25075,1057,8,51,14,10,8025986,Completada
25076,1057,841,51,20,11,8026664,Completada
25077,1057,822,131,10,12,8027674,Completada
25078,1057,854,210,17,13,8030651,Completada
25079,1057,853,210,18,14,8030725,Completada
25080,1057,1,131,2,15,8034078,Completada
25081,1057,849,3,16,16,8059789,Completada
25082,1057,847,3,15,17,NA,Otro
25083,1057,830,9,3,18,NA,Accidente
25084,1057,840,117,19,19,NA,Accidente
25085,1057,839,214,12,20,NA,Otro
25086,1059,830,9,1,1,5245770,Completada
25087,1059,1,131,2,2,5248674,Completada
25088,1059,815,9,4,3,5254581,Completada
25089,1059,822,131,3,4,5260388,Completada
25090,1059,846,1,8,5,5309802,Completada
25091,1059,817,1,10,6,5321627,Completada
25092,1059,842,213,6,7,5322366,Completada
25093,1059,4,214,9,8,5323465,Completada
25094,1059,20,117,12,9,5325436,Completada
25095,1059,840,117,19,10,5337716,Completada
25096,1059,832,6,5,11,5345107,Completada
25097,1059,847,3,14,12,NA,Otro
25098,1059,852,213,NA,13,NA,Otro
25099,1059,839,214,11,14,NA,Otro
25100,1059,841,51,13,15,NA,Otro
25101,1059,844,6,7,16,NA,Otro
25102,1059,8,51,17,17,NA,Otro
25103,1059,849,3,16,18,NA,Otro
25104,1059,854,210,15,19,NA,Otro
25105,1059,853,210,18,20,NA,Otro
25106,1058,830,9,1,1,4938925,Completada
25107,1058,1,131,2,2,4974668,Completada
25108,1058,822,131,5,3,4985832,Completada
25109,1058,815,9,4,4,4986359,Completada
25110,1058,846,1,3,5,NA,Otro
25111,1058,832,6,12,6,NA,Otro
25112,1058,844,6,7,7,NA,Otro
25113,1058,840,117,9,8,NA,Otro
25114,1058,4,214,8,9,NA,Otro
25115,1058,852,213,11,10,NA,Otro
25116,1058,8,51,18,11,NA,Otro
25117,1058,20,117,14,12,NA,Otro
25118,1058,817,1,13,13,NA,Otro
25119,1058,839,214,17,14,NA,Otro
25120,1058,841,51,15,15,NA,Otro
25121,1058,854,210,19,16,NA,Otro
25122,1058,849,3,16,17,NA,Otro
25123,1058,853,210,20,18,NA,Otro
25124,1058,847,3,10,19,NA,Otro
25125,1058,842,213,6,20,NA,Accidente
25126,1060,830,9,1,1,5034543,Completada
25127,1060,822,131,5,2,5052516,Completada
25128,1060,846,1,2,3,5054562,Completada
25129,1060,1,131,4,4,5080995,Completada
25130,1060,832,6,10,5,5091687,Completada
25131,1060,815,9,3,6,5092458,Completada
25132,1060,817,1,13,7,5094938,Completada
25133,1060,844,6,12,8,5095738,Completada
25134,1060,842,213,6,9,5096387,Completada
25135,1060,4,214,14,10,NA,Otro
25136,1060,847,3,8,11,NA,Otro
25137,1060,852,213,7,12,NA,Otro
25138,1060,840,117,9,13,NA,Otro
25139,1060,841,51,15,14,NA,Otro
25140,1060,8,51,16,15,NA,Otro
25141,1060,849,3,18,16,NA,Otro
25142,1060,20,117,11,17,NA,Accidente
25143,1060,854,210,19,18,NA,Otro
25144,1060,853,210,20,19,NA,Otro
25145,1060,839,214,17,20,NA,Accidente
25146,1061,1,131,2,1,7103284,Completada
25147,1061,844,6,4,2,7107155,Completada
25148,1061,822,131,3,3,7114409,Completada
25149,1061,846,1,5,4,7131857,Completada
25150,1061,817,1,6,5,7145908,Completada
25151,1061,832,6,10,6,7146738,Completada
25152,1061,4,214,7,7,7175377,Completada
25153,1061,840,117,14,8,7177573,Completada
25154,1061,839,214,9,9,7179446,Completada
25155,1061,852,213,16,10,7185349,Completada
25156,1061,842,213,11,11,7188611,Completada
25157,1061,847,3,12,12,NA,Otro
25158,1061,841,51,15,13,NA,Otro
25159,1061,849,3,17,14,NA,Otro
25160,1061,8,51,13,15,NA,Otro
25161,1061,815,9,NA,16,NA,Otro
25162,1061,853,210,19,17,NA,Otro
25163,1061,854,210,18,18,NA,Otro
25164,1061,20,117,8,19,NA,Otro
25165,1061,830,9,1,20,NA,Accidente
25166,1062,839,214,8,1,7483199,Completada
25167,1062,1,131,1,2,7485935,Completada
25168,1062,832,6,15,3,7498217,Completada
25169,1062,4,214,9,4,7498850,Completada
25170,1062,842,213,5,5,7546813,Completada
25171,1062,852,213,16,6,7559002,Completada
25172,1062,849,3,18,7,7561109,Completada
25173,1062,847,3,17,8,7562293,Completada
25174,1062,830,9,3,9,7563443,Completada
25175,1062,8,51,13,10,NA,Otro
25176,1062,817,1,11,11,NA,Otro
25177,1062,854,210,20,12,NA,Otro
25178,1062,841,51,NA,13,NA,Otro
25179,1062,853,210,19,14,NA,Accidente
25180,1062,846,1,6,15,NA,Accidente
25181,1062,822,131,2,16,NA,Accidente
25182,1062,815,9,4,17,NA,Accidente
25183,1062,844,6,7,18,NA,Accidente
25184,1062,840,117,12,19,NA,Accidente
25185,1062,20,117,10,20,NA,Descalificado
25186,1063,830,9,1,1,207071,Completada
25187,1063,847,3,2,2,209066,Completada
25188,1063,1,131,3,3,209672,Completada
25189,1063,817,1,4,4,211567,Completada
25190,1063,20,117,5,5,214550,Completada
25191,1063,842,213,6,6,217248,Completada
25192,1063,839,214,8,7,218650,Completada
25193,1063,844,6,9,8,219679,Completada
25194,1063,849,3,10,9,222556,Completada
25195,1063,832,6,11,10,223237,Completada
25196,1063,4,214,12,11,227661,Completada
25197,1063,822,131,13,12,229485,Completada
25198,1063,841,51,14,13,231234,Completada
25199,1063,846,1,15,14,234181,Completada
25200,1063,852,213,16,15,235400,Completada
25201,1063,854,210,17,16,236578,Completada
25202,1063,853,210,18,17,239064,Completada
25203,1063,8,51,NA,18,243125,Completada
25204,1063,815,9,NA,19,245276,Completada
25205,1063,840,117,19,20,251179,Completada
25206,1064,830,9,1,1,5405395,Completada
25207,1064,1,131,2,2,5426327,Completada
25208,1064,822,131,3,3,5461855,Completada
25209,1064,842,213,4,4,NA,Otro
25210,1064,844,6,5,5,NA,Otro
25211,1064,4,214,9,6,NA,Otro
25212,1064,832,6,6,7,NA,Otro
25213,1064,815,9,NA,8,NA,Otro
25214,1064,839,214,8,9,NA,Otro
25215,1064,846,1,13,10,NA,Otro
25216,1064,817,1,10,11,NA,Otro
25217,1064,840,117,12,12,NA,Otro
25218,1064,20,117,15,13,NA,Otro
25219,1064,841,51,7,14,NA,Otro
25220,1064,9,51,16,15,NA,Otro
25221,1064,849,3,NA,16,NA,Otro
25222,1064,847,3,11,17,NA,Otro
25223,1064,854,210,17,18,NA,Otro
25224,1064,852,213,14,19,NA,Otro
25225,1064,853,210,18,20,NA,Otro
25226,1065,817,1,2,1,4914365,Completada
25227,1065,846,1,3,2,4916112,Completada
25228,1065,822,131,19,3,4919286,Completada
25229,1065,844,6,5,4,4921674,Completada
25230,1065,815,9,8,5,4923088,Completada
25231,1065,832,6,6,6,4924900,Completada
25232,1065,840,117,9,7,4930169,Completada
25233,1065,4,214,10,8,4931566,Completada
25234,1065,847,3,14,9,4934107,Completada
25235,1065,839,214,12,10,4935233,Completada
25236,1065,849,3,13,11,4938108,Completada
25237,1065,20,117,11,12,4938986,Completada
25238,1065,841,51,7,13,4941581,Completada
25239,1065,9,51,17,14,4944134,Completada
25240,1065,854,210,18,15,4965453,Completada
25241,1065,853,210,16,16,NA,Otro
25242,1065,1,131,4,17,NA,Accidente
25243,1065,830,9,1,18,NA,Accidente
25244,1065,842,213,NA,19,NA,Otro
25245,1065,852,213,NA,20,NA,Otro
25246,1066,1,131,4,1,5441001,Completada
25247,1066,830,9,20,2,5494272,Completada
25248,1066,832,6,2,3,5503476,Completada
25249,1066,817,1,5,4,5506608,Completada
25250,1066,822,131,16,5,5508534,Completada
25251,1066,4,214,6,6,5522322,Completada
25252,1066,846,1,1,7,5528225,Completada
25253,1066,8,51,13,8,5529956,Completada
25254,1066,815,9,8,9,5531077,Completada
25255,1066,847,3,3,10,5541552,Completada
25256,1066,840,117,7,11,5547199,Completada
25257,1066,20,117,10,12,NA,Otro
25258,1066,842,213,11,13,NA,Otro
25259,1066,839,214,9,14,NA,Otro
25260,1066,844,6,19,15,NA,Otro
25261,1066,841,51,17,16,NA,Otro
25262,1066,852,213,12,17,NA,Otro
25263,1066,853,210,15,18,NA,Otro
25264,1066,849,3,18,19,NA,Accidente
25265,1066,854,210,14,20,NA,Otro
25266,1067,822,131,1,1,5464103,Completada
25267,1067,830,9,2,2,5478687,Completada
25268,1067,815,9,6,3,5497574,Completada
25269,1067,844,6,3,4,5501917,Completada
25270,1067,1,131,11,5,5505915,Completada
25271,1067,842,213,4,6,5508395,Completada
25272,1067,846,1,7,7,5511316,Completada
25273,1067,832,6,19,8,5515629,Completada
25274,1067,840,117,8,9,5546121,Completada
25275,1067,839,214,12,10,NA,Otro
25276,1067,841,51,16,11,NA,Otro
25277,1067,8,51,17,12,NA,Otro
25278,1067,817,1,20,13,NA,Otro
25279,1067,852,213,9,14,NA,Otro
25280,1067,847,3,13,15,NA,Otro
25281,1067,4,214,5,16,NA,Otro
25282,1067,849,3,15,17,NA,Otro
25283,1067,20,117,10,18,NA,Otro
25284,1067,854,210,14,19,NA,Otro
25285,1067,853,210,18,20,NA,Otro
25286,1069,830,9,1,1,5676552,Completada
25287,1069,1,131,2,2,5677885,Completada
25288,1069,815,9,3,3,5718775,Completada
25289,1069,844,6,4,4,5728798,Completada
25290,1069,817,1,6,5,5753406,Completada
25291,1069,822,131,9,6,5756680,Completada
25292,1069,832,6,5,7,5760097,Completada
25293,1069,846,1,7,8,5760947,Completada
25294,1069,852,213,10,9,NA,Otro
25295,1069,20,117,18,10,NA,Otro
25296,1069,841,51,12,11,NA,Otro
25297,1069,840,117,13,12,NA,Otro
25298,1069,8,51,15,13,NA,Otro
25299,1069,847,3,20,14,NA,Otro
25300,1069,849,3,14,15,NA,Otro
25301,1069,854,210,16,16,NA,Otro
25302,1069,853,210,17,17,NA,Otro
25303,1069,4,214,19,18,NA,Otro
25304,1069,839,214,11,19,NA,Otro
25305,1069,842,213,8,20,NA,Otro
25306,1070,830,9,3,1,5919086,Completada
25307,1070,1,131,2,2,5935641,Completada
25308,1070,815,9,4,3,5936838,Completada
25309,1070,842,213,5,4,5982931,Completada
25310,1070,844,6,8,5,6000123,Completada
25311,1070,832,6,6,6,NA,Otro
25312,1070,20,117,9,7,NA,Otro
25313,1070,8,51,10,8,NA,Otro
25314,1070,4,214,12,9,NA,Otro
25315,1070,846,1,18,10,NA,Otro
25316,1070,841,51,11,11,NA,Otro
25317,1070,817,1,7,12,NA,Otro
25318,1070,839,214,19,13,NA,Otro
25319,1070,840,117,20,14,NA,Otro
25320,1070,822,131,1,15,NA,Otro
25321,1070,847,3,16,16,NA,Otro
25322,1070,849,3,13,17,NA,Otro
25323,1070,853,210,15,18,NA,Otro
25324,1070,854,210,14,19,NA,Accidente
25325,1070,852,213,17,20,NA,Accidente
25326,1071,1,131,10,1,5542851,Completada
25327,1071,830,9,2,2,5553347,Completada
25328,1071,822,131,1,3,5556427,Completada
25329,1071,815,9,4,4,5582791,Completada
25330,1071,844,6,6,5,5592368,Completada
25331,1071,832,6,3,6,5594671,Completada
25332,1071,842,213,7,7,NA,Otro
25333,1071,839,214,8,8,NA,Otro
25334,1071,4,214,12,9,NA,Otro
25335,1071,846,1,5,10,NA,Otro
25336,1071,20,117,9,11,NA,Otro
25337,1071,8,51,NA,12,NA,Otro
25338,1071,847,3,17,13,NA,Otro
25339,1071,841,51,13,14,NA,Otro
25340,1071,852,213,15,15,NA,Otro
25341,1071,849,3,16,16,NA,Otro
25342,1071,853,210,19,17,NA,Otro
25343,1071,854,210,18,18,NA,Otro
25344,1071,817,1,11,19,NA,Otro
25345,1071,840,117,14,20,NA,Otro
25346,1051,1,131,1,1,5068471,Completada
25347,1051,830,9,7,2,5094214,Completada
25348,1051,4,214,3,3,5127928,Completada
25349,1051,815,9,11,4,5130777,Completada
25350,1051,839,214,9,5,5149041,Completada
25351,1051,840,117,12,6,5149745,Completada
25352,1051,832,6,5,7,5150382,Completada
25353,1051,844,6,13,8,5151597,Completada
25354,1051,846,1,4,9,NA,Otro
25355,1051,20,117,10,10,NA,Otro
25356,1051,842,213,2,11,NA,Otro
25357,1051,817,1,14,12,NA,Otro
25358,1051,852,213,8,13,NA,Otro
25359,1051,8,51,16,14,NA,Otro
25360,1051,841,51,18,15,NA,Otro
25361,1051,854,210,19,16,NA,Otro
25362,1051,847,3,15,17,NA,Otro
25363,1051,853,210,20,18,NA,Otro
25364,1051,849,3,17,19,NA,Otro
25365,1051,822,131,6,20,NA,Otro
25366,1072,1,131,1,1,7575118,Completada
25367,1072,830,9,3,2,7586943,Completada
25368,1072,822,131,2,3,7602649,Completada
25369,1072,839,214,9,4,7602751,Completada
25370,1072,817,1,11,5,7615239,Completada
25371,1072,842,213,6,6,7616731,Completada
25372,1072,844,6,4,7,7619593,Completada
25373,1072,832,6,15,8,7621724,Completada
25374,1072,841,51,10,9,7633623,Completada
25375,1072,846,1,7,10,7636476,Completada
25376,1072,840,117,18,11,7652330,Completada
25377,1072,849,3,16,12,7658367,Completada
25378,1072,4,214,13,13,NA,Otro
25379,1072,852,213,8,14,NA,Otro
25380,1072,8,51,12,15,NA,Otro
25381,1072,20,117,17,16,NA,Otro
25382,1072,815,9,5,17,NA,Accidente
25383,1072,853,210,20,18,NA,Accidente
25384,1072,847,3,14,19,NA,Accidente
25385,1072,854,210,19,20,NA,Accidente
25386,1073,830,9,1,1,5417345,Completada
25387,1073,1,131,2,2,5419601,Completada
25388,1073,832,6,5,3,5422518,Completada
25389,1073,852,213,8,4,5423037,Completada
25390,1073,842,213,12,5,5423876,Completada
25391,1073,822,131,6,6,5424808,Completada
25392,1073,846,1,3,7,5476545,Completada
25393,1073,4,214,11,8,5479053,Completada
25394,1073,839,214,9,9,5481371,Completada
25395,1073,844,6,7,10,5483402,Completada
25396,1073,20,117,15,11,5484872,Completada
25397,1073,817,1,10,12,NA,Otro
25398,1073,840,117,13,13,NA,Otro
25399,1073,854,210,19,14,NA,Otro
25400,1073,815,9,4,15,NA,Otro
25401,1073,849,3,16,16,NA,Accidente
25402,1073,841,51,14,17,NA,Otro
25403,1073,847,3,17,18,NA,Otro
25404,1073,8,51,18,19,NA,Otro
25405,1073,853,210,20,20,NA,Otro
25406,1074,844,6,1,1,5853584,Completada
25407,1074,832,6,3,2,5859182,Completada
25408,1074,1,131,5,3,5863259,Completada
25409,1074,847,131,9,4,5864795,Completada
25410,1074,825,210,7,5,5868338,Completada
25411,1074,822,51,6,6,5869703,Completada
25412,1074,839,214,11,7,5873007,Completada
25413,1074,852,213,16,8,5873970,Completada
25414,1074,4,214,8,9,5875974,Completada
25415,1074,855,51,15,10,5876648,Completada
25416,1074,854,210,12,11,5886158,Completada
25417,1074,840,117,19,12,5899457,Completada
25418,1074,848,3,14,13,5907516,Completada
25419,1074,817,1,18,14,5908559,Completada
25420,1074,846,1,13,15,5909919,Completada
25421,1074,849,3,20,16,5915379,Completada
25422,1074,807,117,17,17,5917413,Completada
25423,1074,815,9,4,18,NA,Otro
25424,1074,830,9,2,19,NA,Otro
25425,1074,842,213,10,20,NA,Otro
25426,1075,830,9,4,1,5059293,Completada
25427,1075,844,6,2,2,5059842,Completada
25428,1075,832,6,3,3,5067390,Completada
25429,1075,815,9,1,4,5070093,Completada
25430,1075,847,131,6,5,5092025,Completada
25431,1075,839,214,5,6,5115310,Completada
25432,1075,846,1,11,7,5115417,Completada
25433,1075,842,213,9,8,5122239,Completada
25434,1075,825,210,10,9,5123601,Completada
25435,1075,1,131,15,10,5133241,Completada
25436,1075,855,51,12,11,5141508,Completada
25437,1075,807,117,17,12,5151035,Completada
25438,1075,840,117,13,13,NA,Otro
25439,1075,848,3,16,14,NA,Otro
25440,1075,822,51,8,15,NA,Otro
25441,1075,4,214,7,16,NA,Otro
25442,1075,817,1,14,17,NA,Otro
25443,1075,849,3,18,18,NA,Accidente
25444,1075,852,213,19,19,NA,Otro
25445,1075,854,210,NA,20,NA,Otro
25446,1076,844,6,1,1,5266548,Completada
25447,1076,815,9,3,2,5287072,Completada
25448,1076,847,131,6,3,5292141,Completada
25449,1076,1,131,5,4,5295091,Completada
25450,1076,846,1,4,5,5319851,Completada
25451,1076,817,1,7,6,5320285,Completada
25452,1076,839,214,8,7,5328231,Completada
25453,1076,822,51,12,8,5334987,Completada
25454,1076,842,213,11,9,5342769,Completada
25455,1076,848,3,20,10,5345930,Completada
25456,1076,855,51,14,11,5348243,Completada
25457,1076,840,117,19,12,5355146,Completada
25458,1076,854,210,15,13,NA,Otro
25459,1076,825,210,16,14,NA,Otro
25460,1076,852,213,13,15,NA,Otro
25461,1076,849,3,18,16,NA,Otro
25462,1076,4,214,10,17,NA,Otro
25463,1076,830,9,2,18,NA,Otro
25464,1076,20,117,17,19,NA,Accidente
25465,1076,832,6,9,20,NA,Otro
25466,1077,830,9,1,1,5527986,Completada
25467,1077,815,9,3,2,5544513,Completada
25468,1077,846,1,5,3,5562820,Completada
25469,1077,847,131,11,4,5570492,Completada
25470,1077,822,51,7,5,5571167,Completada
25471,1077,844,6,2,6,5584058,Completada
25472,1077,852,213,12,7,5589096,Completada
25473,1077,20,117,13,8,5598878,Completada
25474,1077,825,210,8,9,5603246,Completada
25475,1077,840,117,15,10,NA,Otro
25476,1077,848,3,18,11,NA,Otro
25477,1077,842,213,17,12,NA,Otro
25478,1077,1,131,14,13,NA,Otro
25479,1077,839,214,16,14,NA,Otro
25480,1077,855,51,NA,15,NA,Otro
25481,1077,849,3,19,16,NA,Otro
25482,1077,854,210,10,17,NA,Otro
25483,1077,817,1,6,18,NA,Otro
25484,1077,4,214,9,19,NA,Otro
25485,1077,832,6,4,20,NA,Accidente
25486,1078,830,9,3,1,5664258,Completada
25487,1078,844,6,1,2,5668044,Completada
25488,1078,832,6,2,3,5672487,Completada
25489,1078,815,9,4,4,5674896,Completada
25490,1078,847,131,12,5,5682840,Completada
25491,1078,1,131,6,6,5685626,Completada
25492,1078,822,51,5,7,5689331,Completada
25493,1078,839,214,20,8,5692644,Completada
25494,1078,848,3,18,9,5696623,Completada
25495,1078,840,117,NA,10,5701284,Completada
25496,1078,4,214,11,11,5701386,Completada
25497,1078,852,213,9,12,5704404,Completada
25498,1078,817,1,14,13,5705160,Completada
25499,1078,849,3,19,14,5714194,Completada
25500,1078,854,210,15,15,5737563,Completada
25501,1078,825,210,16,16,NA,Otro
25502,1078,20,117,NA,17,NA,Accidente
25503,1078,842,213,7,18,NA,Otro
25504,1078,846,1,8,19,NA,Accidente
25505,1078,855,51,17,20,NA,Otro
25506,1079,830,9,2,1,5840475,Completada
25507,1079,815,9,5,2,5853547,Completada
25508,1079,847,131,4,3,5873402,Completada
25509,1079,832,6,3,4,5885683,Completada
25510,1079,1,131,6,5,5895009,Completada
25511,1079,822,51,7,6,5900451,Completada
25512,1079,839,214,12,7,5915872,Completada
25513,1079,846,1,11,8,5923710,Completada
25514,1079,4,214,20,9,NA,Otro
25515,1079,852,213,13,10,NA,Otro
25516,1079,20,117,16,11,NA,Otro
25517,1079,817,1,9,12,NA,Otro
25518,1079,842,213,14,13,NA,Otro
25519,1079,854,210,10,14,NA,Otro
25520,1079,840,117,17,15,NA,Otro
25521,1079,849,3,19,16,NA,Otro
25522,1079,825,210,8,17,NA,Otro
25523,1079,848,3,18,18,NA,Otro
25524,1079,855,51,15,19,NA,Otro
25525,1079,844,6,1,20,NA,Otro
25526,1080,815,9,3,1,6990265,Completada
25527,1080,832,6,2,2,6991419,Completada
25528,1080,830,9,4,3,6991756,Completada
25529,1080,844,6,1,4,6993187,Completada
25530,1080,847,131,6,5,7002233,Completada
25531,1080,846,1,5,6,7002496,Completada
25532,1080,4,214,7,7,7036623,Completada
25533,1080,1,131,8,8,7040653,Completada
25534,1080,822,51,12,9,7042790,Completada
25535,1080,20,117,9,10,7043801,Completada
25536,1080,842,213,17,11,7044554,Completada
25537,1080,839,214,10,12,7045909,Completada
25538,1080,817,1,14,13,7047900,Completada
25539,1080,840,117,18,14,7051067,Completada
25540,1080,849,3,19,15,NA,Otro
25541,1080,855,51,20,16,NA,Otro
25542,1080,852,213,11,17,NA,Otro
25543,1080,848,3,16,18,NA,Otro
25544,1080,854,210,15,19,NA,Accidente
25545,1080,825,210,13,20,NA,Otro
25546,1081,830,9,3,1,5645941,Completada
25547,1081,815,9,2,2,5666764,Completada
25548,1081,847,131,5,3,5691936,Completada
25549,1081,1,131,7,4,5717620,Completada
25550,1081,842,213,6,5,5723240,Completada
25551,1081,20,117,9,6,5730040,Completada
25552,1081,4,214,10,7,5734537,Completada
25553,1081,817,1,12,8,5738148,Completada
25554,1081,846,1,11,9,5738497,Completada
25555,1081,839,214,13,10,5754125,Completada
25556,1081,822,51,15,11,NA,Otro
25557,1081,848,3,17,12,NA,Otro
25558,1081,852,213,8,13,NA,Otro
25559,1081,854,210,20,14,NA,Otro
25560,1081,849,3,18,15,NA,Otro
25561,1081,840,117,19,16,NA,Otro
25562,1081,825,210,16,17,NA,Otro
25563,1081,855,51,14,18,NA,Otro
25564,1081,844,6,1,19,NA,Otro
25565,1081,832,6,4,20,NA,Otro
25566,1082,830,9,1,1,5781757,Completada
25567,1082,832,6,3,2,5782750,Completada
25568,1082,1,131,4,3,5788763,Completada
25569,1082,847,131,8,4,5794070,Completada
25570,1082,844,6,19,5,5796925,Completada
25571,1082,839,214,7,6,5805647,Completada
25572,1082,822,51,11,7,5807004,Completada
25573,1082,855,51,10,8,5808709,Completada
25574,1082,4,214,2,9,5811702,Completada
25575,1082,840,117,17,10,5819979,Completada
25576,1082,817,1,9,11,5824804,Completada
25577,1082,20,117,16,12,5826002,Completada
25578,1082,848,3,12,13,5826650,Completada
25579,1082,842,213,15,14,5826940,Completada
25580,1082,846,1,14,15,5833902,Completada
25581,1082,849,3,18,16,5841735,Completada
25582,1082,825,210,5,17,5849937,Completada
25583,1082,852,213,20,18,NA,Accidente
25584,1082,854,210,6,19,NA,Otro
25585,1082,815,9,13,20,NA,Otro
25586,1083,832,6,1,1,8270311,Completada
25587,1083,815,9,4,2,8274090,Completada
25588,1083,1,131,5,3,8276536,Completada
25589,1083,844,6,3,4,8278857,Completada
25590,1083,4,214,7,5,8279882,Completada
25591,1083,846,1,6,6,8282254,Completada
25592,1083,830,9,2,7,8289088,Completada
25593,1083,854,210,19,8,8289306,Completada
25594,1083,20,117,18,9,8292667,Completada
25595,1083,825,210,17,10,8294901,Completada
25596,1083,840,117,20,11,8296458,Completada
25597,1083,849,3,10,12,8302822,Completada
25598,1083,817,1,14,13,8303128,Completada
25599,1083,852,213,13,14,8311221,Completada
25600,1083,839,214,15,15,NA,Otro
25601,1083,842,213,11,16,NA,Otro
25602,1083,822,51,12,17,NA,Otro
25603,1083,847,131,8,18,NA,Accidente
25604,1083,855,51,9,19,NA,Accidente
25605,1083,848,3,16,20,NA,Accidente
25606,1084,844,6,2,1,5064312,Completada
25607,1084,830,9,1,2,5065844,Completada
25608,1084,1,131,8,3,5105529,Completada
25609,1084,847,131,4,4,5123284,Completada
25610,1084,839,214,6,5,5132748,Completada
25611,1084,854,210,9,6,NA,Otro
25612,1084,846,1,10,7,NA,Otro
25613,1084,825,210,7,8,NA,Otro
25614,1084,817,1,11,9,NA,Otro
25615,1084,4,214,19,10,NA,Otro
25616,1084,822,51,NA,11,NA,Otro
25617,1084,848,3,15,12,NA,Otro
25618,1084,840,117,12,13,NA,Otro
25619,1084,855,51,13,14,NA,Otro
25620,1084,842,213,14,15,NA,Otro
25621,1084,852,213,16,16,NA,Otro
25622,1084,20,117,18,17,NA,Otro
25623,1084,832,6,3,18,NA,Otro
25624,1084,849,3,17,19,NA,Otro
25625,1084,815,9,5,20,NA,Otro
25626,1085,830,9,2,1,5402112,Completada
25627,1085,1,131,4,2,5412699,Completada
25628,1085,847,131,6,3,5418607,Completada
25629,1085,815,9,3,4,5419422,Completada
25630,1085,832,6,19,5,5430984,Completada
25631,1085,4,214,7,6,5444991,Completada
25632,1085,846,1,5,7,5454138,Completada
25633,1085,839,214,10,8,5459071,Completada
25634,1085,817,1,9,9,5462484,Completada
25635,1085,840,117,15,10,5464661,Completada
25636,1085,20,117,12,11,5466606,Completada
25637,1085,842,213,14,12,5467560,Completada
25638,1085,848,3,13,13,5470677,Completada
25639,1085,822,51,11,14,5478778,Completada
25640,1085,854,210,17,15,5482506,Completada
25641,1085,855,51,16,16,NA,Otro
25642,1085,849,3,18,17,NA,Otro
25643,1085,825,210,20,18,NA,Otro
25644,1085,844,6,1,19,NA,Accidente
25645,1085,852,213,8,20,NA,Otro
25646,1086,830,9,10,1,5975912,Completada
25647,1086,1,131,7,2,5983746,Completada
25648,1086,847,131,1,3,5988249,Completada
25649,1086,832,6,2,4,5990491,Completada
25650,1086,815,9,11,5,5991600,Completada
25651,1086,844,6,3,6,5991959,Completada
25652,1086,846,1,4,7,6054212,Completada
25653,1086,4,214,6,8,NA,Otro
25654,1086,839,214,5,9,NA,Otro
25655,1086,20,117,18,10,NA,Otro
25656,1086,840,117,14,11,NA,Otro
25657,1086,842,213,NA,12,NA,Otro
25658,1086,855,51,12,13,NA,Otro
25659,1086,854,210,15,14,NA,Otro
25660,1086,817,1,9,15,NA,Otro
25661,1086,825,210,13,16,NA,Otro
25662,1086,848,3,17,17,NA,Otro
25663,1086,849,3,19,18,NA,Otro
25664,1086,852,213,16,19,NA,Otro
25665,1086,822,51,8,20,NA,Otro
25666,1087,830,9,14,1,5152894,Completada
25667,1087,815,9,2,2,5170735,Completada
25668,1087,832,6,1,3,5179780,Completada
25669,1087,847,131,5,4,5182034,Completada
25670,1087,4,214,3,5,5226150,Completada
25671,1087,844,6,15,6,5227830,Completada
25672,1087,839,214,16,7,5228534,Completada
25673,1087,20,117,10,8,5231001,Completada
25674,1087,842,213,NA,9,5245075,Completada
25675,1087,848,3,6,10,5254794,Completada
25676,1087,840,117,9,11,5255972,Completada
25677,1087,846,1,17,12,5257633,Completada
25678,1087,852,213,NA,13,5258111,Completada
25679,1087,855,51,18,14,5259146,Completada
25680,1087,817,1,7,15,5260057,Completada
25681,1087,825,210,12,16,NA,Otro
25682,1087,854,210,19,17,NA,Otro
25683,1087,849,3,11,18,NA,Otro
25684,1087,822,51,13,19,NA,Accidente
25685,1087,1,131,4,20,NA,Otro
25686,1088,830,9,1,1,5802773,Completada
25687,1088,847,131,6,2,5806844,Completada
25688,1088,844,6,2,3,5813702,Completada
25689,1088,1,131,4,4,5815789,Completada
25690,1088,815,9,5,5,5820941,Completada
25691,1088,4,214,13,6,5821527,Completada
25692,1088,846,1,7,7,5822079,Completada
25693,1088,832,6,3,8,5823689,Completada
25694,1088,839,214,12,9,5823890,Completada
25695,1088,840,117,10,10,5825232,Completada
25696,1088,842,213,11,11,5829782,Completada
25697,1088,848,3,15,12,5833163,Completada
25698,1088,854,210,8,13,5835768,Completada
25699,1088,20,117,19,14,5838780,Completada
25700,1088,825,210,18,15,5839642,Completada
25701,1088,855,51,14,16,5840093,Completada
25702,1088,817,1,17,17,5840537,Completada
25703,1088,849,3,20,18,NA,Otro
25704,1088,822,51,16,19,NA,Otro
25705,1088,852,213,9,20,NA,Otro
25706,1089,830,9,7,1,4827511,Completada
25707,1089,844,6,1,2,4829957,Completada
25708,1089,847,131,2,3,4830916,Completada
25709,1089,832,6,18,4,4832572,Completada
25710,1089,1,131,19,5,4832891,Completada
25711,1089,815,9,13,6,4833602,Completada
25712,1089,846,1,3,7,4833718,Completada
25713,1089,842,213,5,8,4833907,Completada
25714,1089,856,3,8,9,4834633,Completada
25715,1089,855,51,9,10,4835421,Completada
25716,1089,839,214,14,11,4835834,Completada
25717,1089,854,210,17,12,4836060,Completada
25718,1089,822,51,15,13,NA,Otro
25719,1089,852,213,20,14,NA,Otro
25720,1089,849,3,10,15,NA,Otro
25721,1089,825,210,16,16,NA,Otro
25722,1089,817,1,4,17,NA,Otro
25723,1089,840,117,12,18,NA,Otro
25724,1089,4,214,6,19,NA,Otro
25725,1089,20,117,11,20,NA,Otro
25726,1091,815,9,2,1,7340238,Completada
25727,1091,844,6,1,2,7342833,Completada
25728,1091,832,6,4,3,7350543,Completada
25729,1091,846,1,6,4,7361371,Completada
25730,1091,817,1,16,5,7393520,Completada
25731,1091,840,117,11,6,7396568,Completada
25732,1091,830,9,8,7,7399063,Completada
25733,1091,20,117,13,8,7400270,Completada
25734,1091,1,131,3,9,7401753,Completada
25735,1091,842,213,7,10,7409814,Completada
25736,1091,822,51,15,11,7429082,Completada
25737,1091,825,210,9,12,7432848,Completada
25738,1091,854,210,12,13,NA,Otro
25739,1091,847,131,NA,14,NA,Otro
25740,1091,852,213,10,15,NA,Accidente
25741,1091,839,214,17,16,NA,Otro
25742,1091,848,3,18,17,NA,Otro
25743,1091,4,214,5,18,NA,Otro
25744,1091,849,3,19,19,NA,Otro
25745,1091,855,51,14,20,NA,Accidente
25746,1092,830,9,1,1,10904004,Completada
25747,1092,815,9,4,2,10931070,Completada
25748,1092,844,6,2,3,10935767,Completada
25749,1092,839,214,5,4,10943689,Completada
25750,1092,1,131,6,5,10944330,Completada
25751,1092,20,117,9,6,10950362,Completada
25752,1092,4,214,7,7,10950373,Completada
25753,1092,847,131,8,8,10951665,Completada
25754,1092,849,3,20,9,10974147,Completada
25755,1092,846,1,10,10,10974786,Completada
25756,1092,817,1,11,11,10976881,Completada
25757,1092,840,117,19,12,10977908,Completada
25758,1092,852,213,13,13,10979603,Completada
25759,1092,825,210,18,14,10990020,Completada
25760,1092,822,51,12,15,10990500,Completada
25761,1092,855,51,14,16,10991047,Completada
25762,1092,854,210,15,17,10996527,Completada
25763,1092,842,213,17,18,11012095,Completada
25764,1092,832,6,3,19,NA,Accidente
25765,1092,848,3,16,20,NA,Otro
25766,1093,830,9,2,1,6131687,Completada
25767,1093,1,131,3,2,6136710,Completada
25768,1093,844,6,12,3,6139188,Completada
25769,1093,815,9,9,4,6139980,Completada
25770,1093,847,131,4,5,6176502,Completada
25771,1093,846,1,6,6,6185472,Completada
25772,1093,4,214,14,7,6186765,Completada
25773,1093,20,117,10,8,6197041,Completada
25774,1093,825,210,13,9,6197521,Completada
25775,1093,852,213,19,10,6202606,Completada
25776,1093,839,214,NA,11,6204562,Completada
25777,1093,855,51,18,12,6207851,Completada
25778,1093,848,3,8,13,6211744,Completada
25779,1093,842,213,11,14,6213450,Completada
25780,1093,854,210,16,15,6216177,Completada
25781,1093,817,1,15,16,6222174,Completada
25782,1093,849,3,17,17,6235275,Completada
25783,1093,840,117,5,18,NA,Accidente
25784,1093,822,51,7,19,NA,Otro
25785,1093,832,6,1,20,NA,Otro
25786,1094,830,9,1,1,5916729,Completada
25787,1094,1,131,3,2,5931915,Completada
25788,1094,815,9,4,3,5934826,Completada
25789,1094,847,131,2,4,5966160,Completada
25790,1094,832,6,5,5,5974852,Completada
25791,1094,844,6,7,6,5985503,Completada
25792,1094,817,1,11,7,NA,Otro
25793,1094,839,214,10,8,NA,Otro
25794,1094,846,1,8,9,NA,Otro
25795,1094,822,51,6,10,NA,Otro
25796,1094,842,213,14,11,NA,Otro
25797,1094,848,3,17,12,NA,Otro
25798,1094,855,51,12,13,NA,Otro
25799,1094,20,117,16,14,NA,Otro
25800,1094,840,117,20,15,NA,Otro
25801,1094,854,210,15,16,NA,Otro
25802,1094,825,210,19,17,NA,Otro
25803,1094,849,3,18,18,NA,Otro
25804,1094,4,214,9,19,NA,Otro
25805,1094,852,213,13,20,NA,Otro
25806,1095,847,131,1,1,5914044,Completada
25807,1095,1,131,2,2,5915573,Completada
25808,1095,832,6,7,3,5918095,Completada
25809,1095,844,6,5,4,5922485,Completada
25810,1095,4,214,17,5,5923605,Completada
25811,1095,830,9,3,6,5924100,Completada
25812,1095,815,9,4,7,5928124,Completada
25813,1095,839,214,16,8,5932734,Completada
25814,1095,822,51,14,9,5936596,Completada
25815,1095,840,117,15,10,5937596,Completada
25816,1095,20,117,9,11,5940227,Completada
25817,1095,855,51,13,12,5943369,Completada
25818,1095,854,210,12,13,5943943,Completada
25819,1095,842,213,10,14,5945911,Completada
25820,1095,848,3,19,15,5950060,Completada
25821,1095,849,3,18,16,5951082,Completada
25822,1095,852,213,NA,17,NA,Otro
25823,1095,846,1,6,18,NA,Otro
25824,1095,825,210,8,19,NA,Accidente
25825,1095,817,1,11,20,NA,Accidente
25826,1096,830,9,1,1,5265914,Completada
25827,1096,844,6,3,2,5274685,Completada
25828,1096,815,9,2,3,5276007,Completada
25829,1096,832,6,4,4,5290806,Completada
25830,1096,847,131,6,5,5301802,Completada
25831,1096,846,1,7,6,5322148,Completada
25832,1096,839,214,8,7,5323154,Completada
25833,1096,840,117,14,8,5342845,Completada
25834,1096,817,1,13,9,5349182,Completada
25835,1096,20,117,9,10,5349812,Completada
25836,1096,852,213,11,11,5355285,Completada
25837,1096,855,51,15,12,NA,Otro
25838,1096,848,3,19,13,NA,Otro
25839,1096,842,213,17,14,NA,Otro
25840,1096,822,51,18,15,NA,Otro
25841,1096,854,210,12,16,NA,Otro
25842,1096,825,210,16,17,NA,Otro
25843,1096,1,131,5,18,NA,Otro
25844,1096,849,3,20,19,NA,Otro
25845,1096,4,214,10,20,NA,Otro
25846,1098,830,9,1,1,5636736,Completada
25847,1098,815,9,2,2,5648723,Completada
25848,1098,4,117,5,3,5675373,Completada
25849,1098,832,6,4,4,5684788,Completada
25850,1098,1,131,7,5,5687713,Completada
25851,1098,840,117,8,6,5691238,Completada
25852,1098,847,131,6,7,5692609,Completada
25853,1098,822,51,12,8,5709383,Completada
25854,1098,842,214,20,9,5710489,Completada
25855,1098,848,3,15,10,5726510,Completada
25856,1098,852,213,14,11,5727606,Completada
25857,1098,858,3,16,12,NA,Otro
25858,1098,825,210,17,13,NA,Otro
25859,1098,856,213,19,14,NA,Otro
25860,1098,807,210,10,15,NA,Otro
25861,1098,855,51,13,16,NA,Otro
25862,1098,846,1,11,17,NA,Otro
25863,1098,839,214,9,18,NA,Otro
25864,1098,844,6,3,19,NA,Otro
25865,1098,857,1,18,20,NA,Otro
25866,1099,815,9,1,1,4874894,Completada
25867,1099,830,9,15,2,4880249,Completada
25868,1099,4,117,2,3,4895622,Completada
25869,1099,847,131,3,4,4900760,Completada
25870,1099,1,131,7,5,4905959,Completada
25871,1099,832,6,4,6,4910770,Completada
25872,1099,844,6,12,7,4918056,Completada
25873,1099,839,214,6,8,4927726,Completada
25874,1099,842,214,9,9,4929641,Completada
25875,1099,825,210,13,10,4939720,Completada
25876,1099,852,213,16,11,4942388,Completada
25877,1099,807,210,10,12,4945482,Completada
25878,1099,855,51,11,13,4950954,Completada
25879,1099,856,213,18,14,4952372,Completada
25880,1099,857,1,8,15,4959915,Completada
25881,1099,858,3,20,16,4961187,Completada
25882,1099,846,1,19,17,4961339,Completada
25883,1099,822,51,14,18,NA,Otro
25884,1099,848,3,17,19,NA,Otro
25885,1099,840,117,5,20,NA,Otro
25886,1100,830,9,1,1,9158371,Completada
25887,1100,1,131,3,2,9158550,Completada
25888,1100,4,117,4,3,9159140,Completada
25889,1100,840,117,6,4,9161453,Completada
25890,1100,815,9,NA,5,9161691,Completada
25891,1100,846,1,13,6,9162072,Completada
25892,1100,807,210,10,7,9163310,Completada
25893,1100,857,1,16,8,9163753,Completada
25894,1100,855,51,17,9,9164084,Completada
25895,1100,852,213,12,10,9164423,Completada
25896,1100,822,51,NA,11,9164884,Completada
25897,1100,832,6,5,12,9164965,Completada
25898,1100,842,214,9,13,NA,Accidente
25899,1100,839,214,11,14,NA,Accidente
25900,1100,856,213,15,15,NA,Accidente
25901,1100,858,3,18,16,NA,Accidente
25902,1100,825,210,14,17,NA,Accidente
25903,1100,847,131,2,18,NA,Otro
25904,1100,848,3,8,19,NA,Accidente
25905,1100,844,6,7,20,NA,Accidente
25906,1101,815,9,3,1,5562436,Completada
25907,1101,830,9,2,2,5564573,Completada
25908,1101,844,6,1,3,5583653,Completada
25909,1101,4,117,6,4,5584460,Completada
25910,1101,832,6,4,5,5607927,Completada
25911,1101,1,131,5,6,5608581,Completada
25912,1101,840,117,9,7,5614053,Completada
25913,1101,847,131,11,8,5636676,Completada
25914,1101,846,1,7,9,5642812,Completada
25915,1101,852,213,8,10,5646298,Completada
25916,1101,857,1,10,11,5648937,Completada
25917,1101,848,3,12,12,5651059,Completada
25918,1101,825,210,16,13,5652165,Completada
25919,1101,842,214,17,14,5653768,Completada
25920,1101,839,214,NA,15,5660230,Completada
25921,1101,858,3,14,16,5663379,Completada
25922,1101,807,210,NA,17,NA,Otro
25923,1101,822,51,13,18,NA,Otro
25924,1101,855,51,15,19,NA,Otro
25925,1101,856,213,18,20,NA,Accidente
25926,1102,830,9,9,1,5258241,Completada
25927,1102,815,9,1,2,5263625,Completada
25928,1102,4,117,2,3,5284546,Completada
25929,1102,847,131,6,4,5291470,Completada
25930,1102,832,6,3,5,5300752,Completada
25931,1102,1,131,13,6,5309490,Completada
25932,1102,844,6,7,7,5311229,Completada
25933,1102,842,214,5,8,5313911,Completada
25934,1102,839,214,8,9,5316364,Completada
25935,1102,825,210,4,10,5321186,Completada
25936,1102,852,213,17,11,5322550,Completada
25937,1102,840,117,18,12,5322995,Completada
25938,1102,822,51,10,13,5329878,Completada
25939,1102,848,3,11,14,5331102,Completada
25940,1102,807,210,12,15,5333191,Completada
25941,1102,855,51,14,16,5336681,Completada
25942,1102,846,1,16,17,5345958,Completada
25943,1102,856,213,15,18,5347190,Completada
25944,1102,857,1,19,19,NA,Otro
25945,1102,858,3,20,20,NA,Otro
25946,1104,830,9,1,1,6531980,Completada
25947,1104,4,117,2,2,6559901,Completada
25948,1104,839,214,3,3,6568970,Completada
25949,1104,1,131,5,4,6571042,Completada
25950,1104,847,131,8,5,6588264,Completada
25951,1104,844,6,6,6,6593870,Completada
25952,1104,842,214,7,7,6594342,Completada
25953,1104,832,6,4,8,6595371,Completada
25954,1104,846,1,10,9,NA,Otro
25955,1104,857,1,11,10,NA,Otro
25956,1104,822,51,15,11,NA,Otro
25957,1104,856,213,12,12,NA,Otro
25958,1104,855,51,19,13,NA,Otro
25959,1104,848,3,13,14,NA,Otro
25960,1104,852,213,9,15,NA,Otro
25961,1104,815,9,20,16,NA,Otro
25962,1104,807,210,18,17,NA,Otro
25963,1104,858,3,16,18,NA,Otro
25964,1104,825,210,17,19,NA,Otro
25965,1104,840,117,14,20,NA,Accidente
25966,1105,830,9,1,1,5277940,Completada
25967,1105,1,131,4,2,5302030,Completada
25968,1105,847,131,12,3,5310329,Completada
25969,1105,815,9,11,4,5313752,Completada
25970,1105,832,6,2,5,5323638,Completada
25971,1105,840,117,5,6,5341260,Completada
25972,1105,4,117,8,7,5342067,Completada
25973,1105,839,214,6,8,5347182,Completada
25974,1105,855,51,13,9,5349818,Completada
25975,1105,842,214,10,10,5351470,Completada
25976,1105,844,6,19,11,5352359,Completada
25977,1105,852,213,15,12,5353356,Completada
25978,1105,857,1,9,13,NA,Otro
25979,1105,856,213,14,14,NA,Otro
25980,1105,807,210,7,15,NA,Otro
25981,1105,848,3,18,16,NA,Otro
25982,1105,846,1,3,17,NA,Otro
25983,1105,825,210,17,18,NA,Otro
25984,1105,822,51,16,19,NA,Otro
25985,1105,858,3,20,20,NA,Otro
25986,1106,830,9,1,1,5638348,Completada
25987,1106,4,117,2,2,5647918,Completada
25988,1106,1,131,3,3,5642946,Completada
25989,1106,844,6,10,4,5656996,Completada
25990,1106,832,6,11,5,5659888,Completada
25991,1106,815,9,12,6,5689376,Completada
25992,1106,848,3,9,7,5699161,Completada
25993,1106,839,214,6,8,5700040,Completada
25994,1106,840,117,16,9,5702750,Completada
25995,1106,822,51,14,10,5702780,Completada
25996,1106,857,1,8,11,5703449,Completada
25997,1106,842,214,15,12,5703597,Completada
25998,1106,846,1,7,13,5706711,Completada
25999,1106,852,213,19,14,5711771,Completada
26000,1106,807,210,5,15,NA,Otro
26001,1106,855,51,20,16,NA,Otro
26002,1106,825,210,13,17,NA,Otro
26003,1106,856,213,17,18,NA,Otro
26004,1106,847,131,4,19,NA,Otro
26005,1106,858,3,18,20,NA,Otro
26006,1107,830,9,1,1,5133607,Completada
26007,1107,844,6,2,2,5138762,Completada
26008,1107,815,9,15,3,5150795,Completada
26009,1107,846,1,4,4,5159934,Completada
26010,1107,4,117,7,5,5163924,Completada
26011,1107,832,6,3,6,5164984,Completada
26012,1107,847,131,11,7,5182010,Completada
26013,1107,1,131,5,8,5182803,Completada
26014,1107,840,117,6,9,5192650,Completada
26015,1107,842,214,9,10,5201274,Completada
26016,1107,848,3,10,11,5213374,Completada
26017,1107,855,51,17,12,NA,Otro
26018,1107,858,3,18,13,NA,Otro
26019,1107,839,214,12,14,NA,Otro
26020,1107,822,51,14,15,NA,Otro
26021,1107,857,1,13,16,NA,Otro
26022,1107,856,213,NA,17,NA,Otro
26023,1107,825,210,NA,18,NA,Otro
26024,1107,852,213,16,19,NA,Otro
26025,1107,807,210,8,20,NA,Otro
26026,1108,830,9,1,1,5116938,Completada
26027,1108,846,1,2,2,5120736,Completada
26028,1108,1,131,7,3,5123721,Completada
26029,1108,857,1,3,4,5124714,Completada
26030,1108,847,131,6,5,5128144,Completada
26031,1108,815,9,15,6,5129820,Completada
26032,1108,4,117,9,7,5134131,Completada
26033,1108,848,3,8,8,5134816,Completada
26034,1108,844,6,4,9,5135627,Completada
26035,1108,832,6,5,10,5136386,Completada
26036,1108,858,3,14,11,5140570,Completada
26037,1108,822,51,20,12,5142768,Completada
26038,1108,807,210,11,13,5143601,Completada
26039,1108,840,117,12,14,5144421,Completada
26040,1108,855,51,17,15,5146758,Completada
26041,1108,852,213,16,16,5148163,Completada
26042,1108,856,213,18,17,5150066,Completada
26043,1108,842,214,10,18,NA,Otro
26044,1108,825,210,19,19,NA,Otro
26045,1108,839,214,13,20,NA,Otro
26046,1109,830,9,2,1,5888634,Completada
26047,1109,846,1,3,2,5922365,Completada
26048,1109,815,9,9,3,5926237,Completada
26049,1109,1,131,1,4,5927768,Completada
26050,1109,857,1,4,5,5951206,Completada
26051,1109,847,131,18,6,5954459,Completada
26052,1109,844,6,6,7,5958951,Completada
26053,1109,832,6,11,8,5959707,Completada
26054,1109,4,117,8,9,5964343,Completada
26055,1109,840,117,14,10,NA,Otro
26056,1109,848,3,16,11,NA,Otro
26057,1109,822,51,7,12,NA,Otro
26058,1109,817,213,13,13,NA,Otro
26059,1109,807,210,10,14,NA,Otro
26060,1109,852,213,17,15,NA,Otro
26061,1109,855,51,5,16,NA,Otro
26062,1109,825,210,19,17,NA,Otro
26063,1109,858,3,20,18,NA,Otro
26064,1109,839,214,12,19,NA,Otro
26065,1109,842,214,15,20,NA,Otro
26066,1110,830,9,6,1,4950450,Completada
26067,1110,815,9,2,2,4972755,Completada
26068,1110,844,6,1,3,4982709,Completada
26069,1110,1,131,3,4,5000121,Completada
26070,1110,4,117,9,5,5006634,Completada
26071,1110,847,131,8,6,5013551,Completada
26072,1110,846,1,7,7,5024169,Completada
26073,1110,839,214,14,8,5025169,Completada
26074,1110,840,117,10,9,5029790,Completada
26075,1110,852,213,11,10,5030671,Completada
26076,1110,842,214,12,11,5033534,Completada
26077,1110,822,51,13,12,5035641,Completada
26078,1110,855,51,17,13,5045891,Completada
26079,1110,848,3,15,14,5046634,Completada
26080,1110,825,210,16,15,5052204,Completada
26081,1110,817,213,19,16,5053521,Completada
26082,1110,858,3,18,17,5054926,Completada
26083,1110,807,210,NA,18,5060900,Completada
26084,1110,832,6,4,19,NA,Otro
26085,1110,857,1,5,20,NA,Otro
26086,1111,830,9,1,1,8644411,Completada
26087,1111,4,117,5,2,8648155,Completada
26088,1111,842,214,12,3,8651469,Completada
26089,1111,815,9,7,4,8655093,Completada
26090,1111,832,6,6,5,8656952,Completada
26091,1111,1,131,13,6,8657620,Completada
26092,1111,846,1,2,7,8657643,Completada
26093,1111,848,3,4,8,8659566,Completada
26094,1111,857,1,8,9,8660991,Completada
26095,1111,839,214,16,10,8662757,Completada
26096,1111,840,117,11,11,8664498,Completada
26097,1111,807,210,14,12,8665251,Completada
26098,1111,859,213,19,13,8670558,Completada
26099,1111,822,51,18,14,8671799,Completada
26100,1111,852,213,17,15,8682344,Completada
26101,1111,825,210,NA,16,8679515,Completada
26102,1111,847,131,3,17,8700165,Completada
26103,1111,855,51,15,18,NA,Accidente
26104,1111,844,6,9,19,NA,Otro
26105,1111,858,3,10,20,NA,Accidente
26106,1112,830,9,2,1,4421143,Completada
26107,1112,815,9,5,2,4427207,Completada
26108,1112,832,6,1,3,4432336,Completada
26109,1112,844,6,3,4,4432520,Completada
26110,1112,847,131,4,5,4444171,Completada
26111,1112,1,131,8,6,4463822,Completada
26112,1112,848,3,6,7,4466249,Completada
26113,1112,846,1,9,8,4466592,Completada
26114,1112,4,117,10,9,4467437,Completada
26115,1112,822,51,14,10,4485199,Completada
26116,1112,859,213,12,11,4491781,Completada
26117,1112,857,1,7,12,4494217,Completada
26118,1112,858,3,15,13,4499700,Completada
26119,1112,855,51,16,14,4501307,Completada
26120,1112,842,214,17,15,4503653,Completada
26121,1112,840,117,20,16,4508409,Completada
26122,1112,807,210,13,17,NA,Otro
26123,1112,825,210,19,18,NA,Otro
26124,1112,839,214,18,19,NA,Otro
26125,1112,852,213,11,20,NA,Otro
26126,1113,832,6,1,1,6397418,Completada
26127,1113,846,1,4,2,6398230,Completada
26128,1113,1,131,5,3,6398687,Completada
26129,1113,844,6,3,4,6418595,Completada
26130,1113,830,9,11,5,6418859,Completada
26131,1113,842,214,12,6,6435859,Completada
26132,1113,857,1,17,7,6438897,Completada
26133,1113,815,9,13,8,6456952,Completada
26134,1113,859,213,10,9,6463336,Completada
26135,1113,825,210,6,10,6469534,Completada
26136,1113,848,3,14,11,6470835,Completada
26137,1113,855,51,NA,12,6481067,Completada
26138,1113,807,210,9,13,6483619,Completada
26139,1113,858,3,18,14,6484307,Completada
26140,1113,4,117,7,15,6485021,Completada
26141,1113,847,131,2,16,NA,Accidente
26142,1113,822,51,16,17,NA,Otro
26143,1113,839,214,8,18,NA,Otro
26144,1113,852,213,15,19,NA,Accidente
26145,1113,840,117,NA,20,NA,Otro
26146,1114,830,9,1,1,5458421,Completada
26147,1114,846,1,3,2,5477808,Completada
26148,1114,857,1,2,3,5494915,Completada
26149,1114,844,6,4,4,5502419,Completada
26150,1114,1,131,7,5,5507797,Completada
26151,1114,832,6,6,6,5508642,Completada
26152,1114,847,131,8,7,5516080,Completada
26153,1114,4,117,10,8,5533146,Completada
26154,1114,839,214,14,9,5538099,Completada
26155,1114,842,214,12,10,5541576,Completada
26156,1114,859,213,11,11,NA,Otro
26157,1114,852,213,9,12,NA,Otro
26158,1114,855,51,19,13,NA,Otro
26159,1114,807,210,18,14,NA,Otro
26160,1114,825,210,15,15,NA,Otro
26161,1114,848,3,13,16,NA,Otro
26162,1114,858,3,NA,17,NA,Otro
26163,1114,840,117,17,18,NA,Otro
26164,1114,815,9,5,19,NA,Otro
26165,1114,822,51,16,20,NA,Otro
26166,1115,830,9,1,1,5259168,Completada
26167,1115,857,1,6,2,5264001,Completada
26168,1115,846,1,10,3,5265137,Completada
26169,1115,847,131,2,4,5293287,Completada
26170,1115,844,6,5,5,5298144,Completada
26171,1115,4,117,4,6,5308200,Completada
26172,1115,839,214,8,7,5321558,Completada
26173,1115,822,51,9,8,5325731,Completada
26174,1115,855,51,19,9,5335295,Completada
26175,1115,815,9,NA,10,5339349,Completada
26176,1115,840,117,16,11,5340820,Completada
26177,1115,842,214,7,12,5341468,Completada
26178,1115,848,3,13,13,5350182,Completada
26179,1115,825,210,18,14,NA,Otro
26180,1115,852,213,11,15,NA,Otro
26181,1115,807,210,14,16,NA,Otro
26182,1115,859,213,17,17,NA,Otro
26183,1115,858,3,15,18,NA,Otro
26184,1115,1,131,3,19,NA,Accidente
26185,1115,832,6,12,20,NA,Otro
26186,1116,830,9,6,1,5721362,Completada
26187,1116,846,1,2,2,5732092,Completada
26188,1116,832,6,4,3,5736496,Completada
26189,1116,815,9,9,4,5739822,Completada
26190,1116,847,131,5,5,5746361,Completada
26191,1116,842,214,7,6,5769358,Completada
26192,1116,840,117,NA,7,5770058,Completada
26193,1116,852,213,11,8,5795747,Completada
26194,1116,848,3,15,9,5808076,Completada
26195,1116,858,3,16,10,5809360,Completada
26196,1116,807,210,NA,11,5811266,Completada
26197,1116,822,51,13,12,5819963,Completada
26198,1116,855,51,12,13,NA,Otro
26199,1116,825,210,NA,14,NA,Otro
26200,1116,817,213,14,15,NA,Otro
26201,1116,4,117,NA,16,NA,Otro
26202,1116,857,1,10,17,NA,Otro
26203,1116,839,214,8,18,NA,Otro
26204,1116,1,131,3,19,NA,Descalificado
26205,1116,844,6,1,20,NA,Descalificado
26206,1117,830,9,3,1,7350814,Completada
26207,1117,1,131,6,2,7364689,Completada
26208,1117,844,6,1,3,7373938,Completada
26209,1117,832,6,2,4,7377968,Completada
26210,1117,846,1,17,5,7384080,Completada
26211,1117,847,131,8,6,7391834,Completada
26212,1117,817,213,4,7,7392384,Completada
26213,1117,857,1,7,8,7393918,Completada
26214,1117,848,3,14,9,7399387,Completada
26215,1117,839,214,15,10,7413693,Completada
26216,1117,842,214,11,11,7417022,Completada
26217,1117,852,213,18,12,7429796,Completada
26218,1117,807,210,12,13,7431123,Completada
26219,1117,855,51,10,14,7432490,Completada
26220,1117,822,51,9,15,7436411,Completada
26221,1117,858,3,19,16,NA,Otro
26222,1117,840,117,NA,17,NA,Otro
26223,1117,4,117,13,18,NA,Otro
26224,1117,825,210,16,19,NA,Accidente
26225,1117,815,9,5,20,NA,Otro
26226,1118,830,9,1,1,7008894,Completada
26227,1118,846,1,6,2,7017171,Completada
26228,1118,4,117,4,3,7043049,Completada
26229,1118,815,9,9,4,7043102,Completada
26230,1118,840,117,3,5,7049739,Completada
26231,1118,832,6,7,6,7059082,Completada
26232,1118,842,214,15,7,7064987,Completada
26233,1118,1,131,5,8,7071753,Completada
26234,1118,852,213,16,9,7078774,Completada
26235,1118,839,214,14,10,NA,Otro
26236,1118,858,3,19,11,NA,Otro
26237,1118,807,210,11,12,NA,Otro
26238,1118,817,213,17,13,NA,Otro
26239,1118,857,1,10,14,NA,Otro
26240,1118,847,131,8,15,NA,Otro
26241,1118,822,51,18,16,NA,Otro
26242,1118,855,51,20,17,NA,Otro
26243,1118,825,210,12,18,NA,Accidente
26244,1118,848,3,13,19,NA,Accidente
26245,1118,844,6,NA,20,NA,Otro
26246,1119,830,9,2,1,5348289,Completada
26247,1119,844,6,1,2,5350359,Completada
26248,1119,815,9,11,3,5350530,Completada
26249,1119,839,214,16,4,5366954,Completada
26250,1119,840,117,19,5,5368356,Completada
26251,1119,832,6,12,6,5369123,Completada
26252,1119,1,131,10,7,5370044,Completada
26253,1119,847,131,3,8,5371380,Completada
26254,1119,4,117,9,9,5374253,Completada
26255,1119,857,1,18,10,5377785,Completada
26256,1119,842,214,4,11,5382559,Completada
26257,1119,848,3,5,12,5391687,Completada
26258,1119,825,210,8,13,5393114,Completada
26259,1119,817,213,14,14,5396814,Completada
26260,1119,855,51,17,15,5398451,Completada
26261,1119,858,3,6,16,5399171,Completada
26262,1119,822,51,7,17,5433639,Completada
26263,1119,852,213,20,18,NA,Otro
26264,1119,807,210,13,19,NA,Otro
26265,1119,846,1,15,20,NA,Accidente
26266,1120,830,9,1,1,5222624,Completada
26267,1120,844,6,2,2,5240617,Completada
26268,1120,847,131,4,3,5242952,Completada
26269,1120,815,9,9,4,5244077,Completada
26270,1120,846,1,5,5,5246908,Completada
26271,1120,857,1,3,6,5254111,Completada
26272,1120,4,117,7,7,5262136,Completada
26273,1120,852,213,6,8,5265712,Completada
26274,1120,1,131,11,9,5267048,Completada
26275,1120,840,117,13,10,5278256,Completada
26276,1120,817,213,15,11,5278853,Completada
26277,1120,839,214,12,12,5288997,Completada
26278,1120,842,214,10,13,5292984,Completada
26279,1120,848,3,14,14,5295808,Completada
26280,1120,807,210,8,15,5306320,Completada
26281,1120,858,3,20,16,5310415,Completada
26282,1120,855,51,19,17,5312046,Completada
26283,1120,832,6,16,18,NA,Otro
26284,1120,822,51,18,19,NA,Otro
26285,1120,825,210,17,20,NA,Otro
